feature1,feature2,pair_ig_mean,pair_ig_std,pair_ig_count,f1_ig_mean,f2_ig_mean,mean_individual_ig,ig_difference_raw,ig_difference_pct
PWY0-845:_superpathway_of_pyridoxal_5'-phosphate_biosynthesis_and_salvage,HCAMHPDEG-PWY:_3-phenylpropanoate_and_3-(3-hydroxyphenyl)propanoate_degradation_to_2-hydroxypentadienoate,58.94482421875,1.8364220771052342,9,0.055989583333333336,0.322021484375,0.18900553385416666,58.755818684895836,99.6793517728499
PWY0-845:_superpathway_of_pyridoxal_5'-phosphate_biosynthesis_and_salvage,"PWY0-301:_L-ascorbate_degradation_I_(bacterial,_anaerobic)",77.78987630208333,3.5704742747959424,36,0.2785441080729167,2.21954345703125,1.2490437825520833,76.54083251953125,98.39433633021649
GALACT-GLUCUROCAT-PWY:_superpathway_of_hexuronide_and_hexuronate_degradation,COMPLETE-ARO-PWY:_superpathway_of_aromatic_amino_acid_biosynthesis,59.593505859375,0.0,3,0.527099609375,4.488525390625,2.5078125,57.085693359375,95.79180237202728
GLUDEG-I-PWY:_GABA_shunt,PYRIDNUCSAL-PWY:_NAD_salvage_pathway_I_(PNC_VI_cycle),64.52766927083333,2.175703643944681,27,0.13037109375,5.657063802083333,2.8937174479166665,61.633951822916664,95.51554010765328
NAGLIPASYN-PWY:_lipid_IVA_biosynthesis_(E._coli),HCAMHPDEG-PWY:_3-phenylpropanoate_and_3-(3-hydroxyphenyl)propanoate_degradation_to_2-hydroxypentadienoate,65.3553466796875,6.087663435161789,6,5.685546875,0.3583984375,3.02197265625,62.3333740234375,95.37608962421857
"PWY0-301:_L-ascorbate_degradation_I_(bacterial,_anaerobic)",NAGLIPASYN-PWY:_lipid_IVA_biosynthesis_(E._coli),82.26708984375,0.0,3,3.2998046875,5.0322265625,4.166015625,78.10107421875,94.93598760705828
PWY-8073:_lipid_IVA_biosynthesis_(P._putida),PWY-7858:_(5Z)-dodecenoate_biosynthesis_II,64.613037109375,0.0,3,2.62158203125,3.943603515625,3.2825927734375,61.3304443359375,94.91961232548034
PWY0-845:_superpathway_of_pyridoxal_5'-phosphate_biosynthesis_and_salvage,PWY-5154:_L-arginine_biosynthesis_III_(via_N-acetyl-L-citrulline),61.3924560546875,4.067134176396394,6,0.035888671875,6.3935546875,3.2147216796875,58.177734375,94.76365357198956
GALACT-GLUCUROCAT-PWY:_superpathway_of_hexuronide_and_hexuronate_degradation,PWY-5920:_superpathway_of_heme_b_biosynthesis_from_glycine,95.515625,0.0,3,0.999267578125,9.014892578125,5.007080078125,90.508544921875,94.75784189432358
PWY-5030:_L-histidine_degradation_III,COBALSYN-PWY:_superpathway_of_adenosylcobalamin_salvage_from_cobinamide_I,56.9765625,0.0,3,0.2529296875,5.7255859375,2.9892578125,53.9873046875,94.75353078294255
PWY-5030:_L-histidine_degradation_III,METH-ACETATE-PWY:_methanogenesis_from_acetate,70.80873107910156,5.429279987197292,48,0.59088134765625,6.9765777587890625,3.7837295532226562,67.0250015258789,94.6564081920974
PWY0-845:_superpathway_of_pyridoxal_5'-phosphate_biosynthesis_and_salvage,SO4ASSIM-PWY:_assimilatory_sulfate_reduction_I,62.33203125,4.013511924062513,6,0.070556640625,7.6995849609375,3.88507080078125,58.44696044921875,93.76713589647177
PWY-6901:_superpathway_of_glucose_and_xylose_degradation,PWY-7807:_glyphosate_degradation_III,69.0400390625,0.0,3,2.981689453125,5.722412109375,4.35205078125,64.68798828125,93.696337892697
PWY-6507:_4-deoxy-L-threo-hex-4-enopyranuronate_degradation,HOMOSER-METSYN-PWY:_L-methionine_biosynthesis_I,72.63330078125,0.0,3,8.9873046875,0.191650390625,4.5894775390625,68.0438232421875,93.68130390647583
PYRIDOXSYN-PWY:_pyridoxal_5'-phosphate_biosynthesis_I,METH-ACETATE-PWY:_methanogenesis_from_acetate,72.52134874131944,9.867826665951302,27,2.207790798611111,6.974663628472222,4.591227213541667,67.93012152777777,93.66913702898938
P124-PWY:_Bifidobacterium_shunt,PWY-7858:_(5Z)-dodecenoate_biosynthesis_II,67.511962890625,0.0,3,5.94189453125,2.872802734375,4.4073486328125,63.1046142578125,93.47175160652228
SO4ASSIM-PWY:_assimilatory_sulfate_reduction_I,GALACT-GLUCUROCAT-PWY:_superpathway_of_hexuronide_and_hexuronate_degradation,57.952392578125,0.0,3,7.248046875,0.527099609375,3.8875732421875,54.0648193359375,93.29178128936316
ARGININE-SYN4-PWY:_L-ornithine_biosynthesis_II,METH-ACETATE-PWY:_methanogenesis_from_acetate,67.16796875,0.0,3,1.93505859375,7.123046875,4.529052734375,62.638916015625,93.25712416400116
PYRIDOXSYN-PWY:_pyridoxal_5'-phosphate_biosynthesis_I,PWY-5941:_glycogen_degradation_II,58.26318359375,0.0,3,0.36328125,8.968505859375,4.6658935546875,53.5972900390625,91.9916948115619
AST-PWY:_L-arginine_degradation_II_(AST_pathway),GALACT-GLUCUROCAT-PWY:_superpathway_of_hexuronide_and_hexuronate_degradation,70.76554361979167,1.5855751516260022,9,10.317626953125,1.0410970052083333,5.679361979166667,65.086181640625,91.97439645248726
PWY0-845:_superpathway_of_pyridoxal_5'-phosphate_biosynthesis_and_salvage,AST-PWY:_L-arginine_degradation_II_(AST_pathway),69.0128173828125,3.2243698979919637,24,0.3118896484375,10.83648681640625,5.574188232421875,63.438629150390625,91.9229667128325
GALACT-GLUCUROCAT-PWY:_superpathway_of_hexuronide_and_hexuronate_degradation,PWY-7807:_glyphosate_degradation_III,70.0947265625,0.0,3,0.999267578125,10.72607421875,5.8626708984375,64.2320556640625,91.63607422990651
COBALSYN-PWY:_superpathway_of_adenosylcobalamin_salvage_from_cobinamide_I,HISDEG-PWY:_L-histidine_degradation_I,58.856852213541664,4.3956076817820575,18,7.8984375,2.6134033203125,5.25592041015625,53.600931803385414,91.06999404064804
PWY-5897:_superpathway_of_menaquinol-11_biosynthesis,GALACT-GLUCUROCAT-PWY:_superpathway_of_hexuronide_and_hexuronate_degradation,60.1741943359375,1.0450321745368343,6,9.783447265625,1.07373046875,5.4285888671875,54.74560546875,90.97854333224464
PWY-7560:_methylerythritol_phosphate_pathway_II,PWY0-461:_L-lysine_degradation_I,70.430419921875,0.0,3,5.538818359375,7.192138671875,6.365478515625,64.06494140625,90.9620324247876
SO4ASSIM-PWY:_assimilatory_sulfate_reduction_I,NAGLIPASYN-PWY:_lipid_IVA_biosynthesis_(E._coli),66.71598307291667,4.606674271134545,9,7.141927083333333,5.251790364583333,6.196858723958333,60.519124348958336,90.711582984267
PWY0-845:_superpathway_of_pyridoxal_5'-phosphate_biosynthesis_and_salvage,PWY-7118:_chitin_deacetylation,77.353125,5.17680922655494,15,0.381591796875,14.02216796875,7.2018798828125,70.1512451171875,90.68960706783015
NAGLIPASYN-PWY:_lipid_IVA_biosynthesis_(E._coli),PWY-7118:_chitin_deacetylation,84.665283203125,2.140812894071436,12,5.26837158203125,10.76593017578125,8.01715087890625,76.64813232421875,90.53076943040293
AST-PWY:_L-arginine_degradation_II_(AST_pathway),NAGLIPASYN-PWY:_lipid_IVA_biosynthesis_(E._coli),73.07381184895833,5.7935713160736935,9,8.381022135416666,5.563069661458333,6.9720458984375,66.10176595052083,90.45889940318354
HISDEG-PWY:_L-histidine_degradation_I,METH-ACETATE-PWY:_methanogenesis_from_acetate,62.01171875,2.3524184047593177,9,4.3330078125,7.631673177083333,5.982340494791666,56.029378255208336,90.35288713910762
PWY0-845:_superpathway_of_pyridoxal_5'-phosphate_biosynthesis_and_salvage,HEMESYN2-PWY:_heme_b_biosynthesis_II_(oxygen-independent),64.936767578125,0.0,3,0.05810546875,13.385009765625,6.7215576171875,58.2152099609375,89.64907267812362
PWY-6270:_isoprene_biosynthesis_I,PWY0-1477:_ethanolamine_utilization,60.407958984375,0.0,3,11.39501953125,1.408203125,6.401611328125,54.00634765625,89.40270216747295
PWY-8073:_lipid_IVA_biosynthesis_(P._putida),PWY0-1241:_ADP-L-glycero-&beta;-D-manno-heptose_biosynthesis,54.68359375,0.0,3,1.203857421875,10.67041015625,5.9371337890625,48.7464599609375,89.1427512679477
PWY-5659:_GDP-mannose_biosynthesis,"PWY-724:_superpathway_of_L-lysine,_L-threonine_and_L-methionine_biosynthesis_II",66.508056640625,0.011767476821399404,6,1.247314453125,13.5068359375,7.3770751953125,59.1309814453125,88.90799766534394
GALACT-GLUCUROCAT-PWY:_superpathway_of_hexuronide_and_hexuronate_degradation,PWY-5899:_superpathway_of_menaquinol-13_biosynthesis,57.65966796875,0.0,3,0.999267578125,12.296875,6.6480712890625,51.0115966796875,88.47015336150466
PWY-6270:_isoprene_biosynthesis_I,COMPLETE-ARO-PWY:_superpathway_of_aromatic_amino_acid_biosynthesis,70.50341796875,0.0,3,11.39501953125,5.85595703125,8.62548828125,61.8779296875,87.76585798283827
PWY-5860:_superpathway_of_demethylmenaquinol-6_biosynthesis_I,PWY-8073:_lipid_IVA_biosynthesis_(P._putida),56.237548828125,2.379753422340628,9,12.051595052083334,2.3783365885416665,7.2149658203125,49.0225830078125,87.17055424594854
PWY-6270:_isoprene_biosynthesis_I,"PWY-5837:_2-carboxy-1,4-naphthoquinol_biosynthesis",59.28466796875,0.0,3,11.39501953125,3.8427734375,7.618896484375,51.665771484375,87.14862249310217
PWY-5897:_superpathway_of_menaquinol-11_biosynthesis,NAGLIPASYN-PWY:_lipid_IVA_biosynthesis_(E._coli),57.542724609375,0.0,3,8.810791015625,6.3388671875,7.5748291015625,49.9678955078125,86.83616538322832
PWY66-429:_fatty_acid_biosynthesis_initiation_(mitochondria),PWY-7220:_adenosine_deoxyribonucleotides_de_novo_biosynthesis_II,61.81103515625,0.0,3,7.210205078125,9.285888671875,8.248046875,53.56298828125,86.6560285648832
PWY-5897:_superpathway_of_menaquinol-11_biosynthesis,OANTIGEN-PWY:_O-antigen_building_blocks_biosynthesis_(E._coli),62.195103236607146,4.284049614895016,21,8.865966796875,8.128871372767858,8.497419084821429,53.697684151785715,86.33747892901644
PWY-5136:_fatty_acid_&beta;-oxidation_II_(plant_peroxisome),GALACT-GLUCUROCAT-PWY:_superpathway_of_hexuronide_and_hexuronate_degradation,81.56789822048611,7.099164192638991,27,22.439073350694443,0.8401421440972222,11.639607747395832,69.92829047309029,85.73016100533471
PWY-7357:_thiamine_phosphate_formation_from_pyrithiamine_and_oxythiamine_(yeast),OANTIGEN-PWY:_O-antigen_building_blocks_biosynthesis_(E._coli),57.71923828125,0.0,3,4.0322265625,12.9912109375,8.51171875,49.20751953125,85.25323790912705
PWY0-845:_superpathway_of_pyridoxal_5'-phosphate_biosynthesis_and_salvage,PWY-5345:_superpathway_of_L-methionine_biosynthesis_(by_sulfhydrylation),62.0650634765625,2.9738286026263157,6,0.04248046875,19.933837890625,9.9881591796875,52.076904296875,83.90695405723815
PWY0-845:_superpathway_of_pyridoxal_5'-phosphate_biosynthesis_and_salvage,SULFATE-CYS-PWY:_superpathway_of_sulfate_assimilation_and_cysteine_biosynthesis,60.3388671875,0.0,3,0.05810546875,19.72998046875,9.89404296875,50.44482421875,83.60253775065952
ARGSYNBSUB-PWY:_L-arginine_biosynthesis_II_(acetyl_cycle),PWY-5154:_L-arginine_biosynthesis_III_(via_N-acetyl-L-citrulline),62.8065185546875,1.546754595376528,6,7.859130859375,13.4368896484375,10.64801025390625,52.15850830078125,83.04632942735918
LACTOSECAT-PWY:_lactose_and_galactose_degradation_I,METH-ACETATE-PWY:_methanogenesis_from_acetate,62.73701171875,4.779763109149541,15,14.162158203125,7.259375,10.7107666015625,52.0262451171875,82.92751549981556
NAGLIPASYN-PWY:_lipid_IVA_biosynthesis_(E._coli),PWY-561:_superpathway_of_glyoxylate_cycle_and_fatty_acid_degradation,75.49560546875,4.726781485032375,6,5.1751708984375,21.3629150390625,13.26904296875,62.2265625,82.42408563205382
PWY-822:_fructan_biosynthesis,PYRIDNUCSAL-PWY:_NAD_salvage_pathway_I_(PNC_VI_cycle),68.62646484375,5.6433322877494945,12,7.5084228515625,16.909912109375,12.20916748046875,56.41729736328125,82.20924317132348
PWY-822:_fructan_biosynthesis,PWY-5913:_partial_TCA_cycle_(obligate_autotrophs),77.836181640625,0.0,3,8.441162109375,19.344970703125,13.89306640625,63.943115234375,82.15088906802335
PWY4LZ-257:_superpathway_of_fermentation_(Chlamydomonas_reinhardtii),PWY-5130:_2-oxobutanoate_degradation_I,86.4873046875,4.194022360488941,12,30.18682861328125,0.86273193359375,15.5247802734375,70.9625244140625,82.04964262728227
PWY-5860:_superpathway_of_demethylmenaquinol-6_biosynthesis_I,NAGLIPASYN-PWY:_lipid_IVA_biosynthesis_(E._coli),63.9287109375,3.233537739336533,15,17.49755859375,5.775830078125,11.6366943359375,52.2920166015625,81.79738936498481
GLUCARGALACTSUPER-PWY:_superpathway_of_D-glucarate_and_D-galactarate_degradation,GALACT-GLUCUROCAT-PWY:_superpathway_of_hexuronide_and_hexuronate_degradation,64.70908203125,2.8414194683994785,15,23.33095703125,0.742138671875,12.036547851562501,52.6725341796875,81.39898222362406
PWY0-845:_superpathway_of_pyridoxal_5'-phosphate_biosynthesis_and_salvage,PWY-561:_superpathway_of_glyoxylate_cycle_and_fatty_acid_degradation,59.988525390625,0.0,3,0.253662109375,22.515869140625,11.384765625,48.603759765625,81.02176116037818
PWY-5659:_GDP-mannose_biosynthesis,PWY-7238:_sucrose_biosynthesis_II,59.403076171875,0.0,3,1.159912109375,21.58447265625,11.3721923828125,48.0308837890625,80.85588640240017
PWY-6901:_superpathway_of_glucose_and_xylose_degradation,"PWY-241:_C4_photosynthetic_carbon_assimilation_cycle,_NADP-ME_type",74.99200439453125,7.020431714089349,12,0.2486572265625,28.7742919921875,14.511474609375,60.48052978515625,80.64930424711619
PWY-6507:_4-deoxy-L-threo-hex-4-enopyranuronate_degradation,"P4-PWY:_superpathway_of_L-lysine,_L-threonine_and_L-methionine_biosynthesis_I",57.083740234375,0.0,3,8.776611328125,13.848876953125,11.312744140625,45.77099609375,80.18219532536406
PWY-6350:_archaetidylinositol_biosynthesis,"PWY-7383:_anaerobic_energy_metabolism_(invertebrates,_cytosol)",74.0048828125,1.8785172089434987,6,28.8531494140625,0.816650390625,14.83489990234375,59.16998291015625,79.95416067351975
PWY-7198:_pyrimidine_deoxyribonucleotides_de_novo_biosynthesis_IV,PWY-6123:_inosine-5'-phosphate_biosynthesis_I,70.26456705729167,6.69120799749116,9,28.112874348958332,0.22469075520833334,14.168782552083332,56.09578450520834,79.83509591608168
PWY-5136:_fatty_acid_&beta;-oxidation_II_(plant_peroxisome),OANTIGEN-PWY:_O-antigen_building_blocks_biosynthesis_(E._coli),79.427978515625,0.0,3,24.0146484375,8.175537109375,16.0950927734375,63.3328857421875,79.73624272677255
SO4ASSIM-PWY:_assimilatory_sulfate_reduction_I,PWY-6387:_UDP-N-acetylmuramoyl-pentapeptide_biosynthesis_I_(meso-diaminopimelate_containing),64.17464192708333,2.0386383704410673,9,7.832682291666667,18.974283854166668,13.403483072916668,50.77115885416666,79.11405086117036
PWY-8113:_3PG-factor_420_biosynthesis,PWY-7238:_sucrose_biosynthesis_II,88.623291015625,0.0,3,30.205078125,7.80078125,19.0029296875,69.620361328125,78.55763482745226
PWY-822:_fructan_biosynthesis,"PWY-241:_C4_photosynthetic_carbon_assimilation_cycle,_NADP-ME_type",76.20626831054688,3.785677661354698,24,7.646087646484375,25.52081298828125,16.583450317382812,59.62281799316406,78.23873195075781
PWY-5136:_fatty_acid_&beta;-oxidation_II_(plant_peroxisome),NAGLIPASYN-PWY:_lipid_IVA_biosynthesis_(E._coli),87.663818359375,0.0,3,33.823486328125,5.0322265625,19.4278564453125,68.2359619140625,77.8382269801794
PWY-5973:_cis-vaccenate_biosynthesis,METH-ACETATE-PWY:_methanogenesis_from_acetate,60.677571614583336,3.6737522460142773,9,19.177083333333332,7.765380859375,13.471232096354166,47.20633951822917,77.79866310088707
GLUCARGALACTSUPER-PWY:_superpathway_of_D-glucarate_and_D-galactarate_degradation,NAGLIPASYN-PWY:_lipid_IVA_biosynthesis_(E._coli),56.72412109375,0.0,3,21.01416015625,4.20458984375,12.609375,44.11474609375,77.77070008866241
PWY-7198:_pyrimidine_deoxyribonucleotides_de_novo_biosynthesis_IV,RUMP-PWY:_formaldehyde_oxidation_I,61.1346435546875,1.3001724674371895,6,25.7476806640625,1.682861328125,13.71527099609375,47.41937255859375,77.56546828669269
PWY-6350:_archaetidylinositol_biosynthesis,PWY-6435:_4-hydroxybenzoate_biosynthesis_III_(plants),69.97998046875,0.0,3,30.97802734375,0.47802734375,15.72802734375,54.251953125,77.52496179850543
GALACT-GLUCUROCAT-PWY:_superpathway_of_hexuronide_and_hexuronate_degradation,PWY-561:_superpathway_of_glyoxylate_cycle_and_fatty_acid_degradation,72.3056640625,2.2340935900737686,24,0.7596435546875,31.87103271484375,16.315338134765625,55.990325927734375,77.4356015585959
PWY-822:_fructan_biosynthesis,PWY-6612:_superpathway_of_tetrahydrofolate_biosynthesis,89.17560369318181,5.263498625539641,33,7.325838955965909,33.12337979403409,20.224609375,68.95099431818181,77.32046822516064
PWY0-845:_superpathway_of_pyridoxal_5'-phosphate_biosynthesis_and_salvage,P221-PWY:_octane_oxidation,68.833984375,3.788911967790426,24,0.20245361328125,31.198974609375,15.700714111328125,53.133270263671875,77.19046158102319
PWY0-845:_superpathway_of_pyridoxal_5'-phosphate_biosynthesis_and_salvage,PWY-6285:_superpathway_of_fatty_acids_biosynthesis_(E._coli),59.85888671875,0.0,3,0.05810546875,27.416748046875,13.7374267578125,46.1214599609375,77.05031364455792
PWY-6285:_superpathway_of_fatty_acids_biosynthesis_(E._coli),GALACT-GLUCUROCAT-PWY:_superpathway_of_hexuronide_and_hexuronate_degradation,63.377899169921875,3.1289548000475675,24,28.427215576171875,0.79241943359375,14.609817504882812,48.76808166503906,76.94808806187694
PWY-5860:_superpathway_of_demethylmenaquinol-6_biosynthesis_I,PWY-6270:_isoprene_biosynthesis_I,64.362548828125,0.0,3,18.4609375,11.39501953125,14.927978515625,49.4345703125,76.80642114486645
PWY-7198:_pyrimidine_deoxyribonucleotides_de_novo_biosynthesis_IV,PWY-7883:_anhydromuropeptides_recycling_II,67.7144775390625,1.777999396488723,18,27.647908528645832,5.365885416666667,16.50689697265625,51.20758056640625,75.6227950468437
POLYAMINSYN3-PWY:_superpathway_of_polyamine_biosynthesis_II,METH-ACETATE-PWY:_methanogenesis_from_acetate,64.56255425347223,3.9650985100123886,27,25.21142578125,6.450547960069445,15.830986870659721,48.73156738281251,75.47961499709669
METH-ACETATE-PWY:_methanogenesis_from_acetate,PWY-7323:_superpathway_of_GDP-mannose-derived_O-antigen_building_blocks_biosynthesis,58.9876708984375,3.775086797101647,6,8.3603515625,20.6651611328125,14.51275634765625,44.47491455078125,75.3969666430063
PWY0-845:_superpathway_of_pyridoxal_5'-phosphate_biosynthesis_and_salvage,PWY-5747:_2-methylcitrate_cycle_II,81.741845703125,11.508876038397297,15,0.143115234375,41.182568359375,20.662841796875,61.079003906249994,74.72183112683855
P221-PWY:_octane_oxidation,NAGLIPASYN-PWY:_lipid_IVA_biosynthesis_(E._coli),67.293798828125,3.3574187349824562,15,28.6548828125,5.538916015625,17.0968994140625,50.19689941406251,74.59364798570867
PWY-6507:_4-deoxy-L-threo-hex-4-enopyranuronate_degradation,"PWY-6961:_L-ascorbate_degradation_II_(bacterial,_aerobic)",77.8731689453125,8.342739902390091,6,8.8819580078125,31.2144775390625,20.0482177734375,57.824951171875,74.2552948018378
PWY0-845:_superpathway_of_pyridoxal_5'-phosphate_biosynthesis_and_salvage,PWY-5855:_ubiquinol-7_biosynthesis_(early_decarboxylation),88.12890625,4.795863429643419,15,0.153271484375,45.229736328125,22.69150390625,65.43740234375,74.25191702495457
P163-PWY:_L-lysine_fermentation_to_acetate_and_butanoate,METH-ACETATE-PWY:_methanogenesis_from_acetate,65.16682942708333,5.132295788633678,9,25.177897135416668,8.45654296875,16.817220052083336,48.34960937499999,74.19358867090425
GLYCOGENSYNTH-PWY:_glycogen_biosynthesis_I_(from_ADP-D-Glucose),PWY-6165:_chorismate_biosynthesis_II_(archaea),75.816650390625,0.0,3,19.2353515625,20.00634765625,19.620849609375,56.19580078125,74.12065884171376
GALACT-GLUCUROCAT-PWY:_superpathway_of_hexuronide_and_hexuronate_degradation,"PWY-7385:_1,3-propanediol_biosynthesis_(engineered)",66.61474609375,0.0,3,0.999267578125,33.520751953125,17.260009765625,49.354736328125,74.08980627001986
NAGLIPASYN-PWY:_lipid_IVA_biosynthesis_(E._coli),URDEGR-PWY:_superpathway_of_allantoin_degradation_in_plants,83.620361328125,0.0,3,5.0322265625,38.50390625,21.76806640625,61.852294921875,73.96798332306597
PWY-6507:_4-deoxy-L-threo-hex-4-enopyranuronate_degradation,PWY-7187:_pyrimidine_deoxyribonucleotides_de_novo_biosynthesis_II,59.1666259765625,0.18493659595450246,6,9.4979248046875,21.523681640625,15.51080322265625,43.65582275390625,73.78453990464067
PWY0-845:_superpathway_of_pyridoxal_5'-phosphate_biosynthesis_and_salvage,PWY-7858:_(5Z)-dodecenoate_biosynthesis_II,57.829345703125,2.6559730071209993,6,0.1488037109375,30.2861328125,15.21746826171875,42.61187744140625,73.6855603730332
PWY-5910:_superpathway_of_geranylgeranyldiphosphate_biosynthesis_I_(via_mevalonate),PWY-822:_fructan_biosynthesis,61.67511541193182,3.544944744337274,33,25.17831143465909,7.4482199928977275,16.31326571377841,45.36184969815341,73.54967946987837
PWY-5860:_superpathway_of_demethylmenaquinol-6_biosynthesis_I,GALACTUROCAT-PWY:_D-galacturonate_degradation_I,62.031494140625,0.0,3,15.650146484375,17.642578125,16.6463623046875,45.3851318359375,73.16466008871187
GLUCARGALACTSUPER-PWY:_superpathway_of_D-glucarate_and_D-galactarate_degradation,OANTIGEN-PWY:_O-antigen_building_blocks_biosynthesis_(E._coli),67.151611328125,0.0,3,23.278076171875,12.9912109375,18.1346435546875,49.0169677734375,72.99447742798661
GALACT-GLUCUROCAT-PWY:_superpathway_of_hexuronide_and_hexuronate_degradation,PWY-6897:_thiamine_diphosphate_salvage_II,58.025634765625,0.0,3,0.527099609375,30.8203125,15.6737060546875,42.3519287109375,72.98830746445746
PWY-5855:_ubiquinol-7_biosynthesis_(early_decarboxylation),GALACT-GLUCUROCAT-PWY:_superpathway_of_hexuronide_and_hexuronate_degradation,86.98388671875,0.0,3,46.282470703125,0.999267578125,23.640869140625,63.343017578125,72.82155347108782
"PRPP-PWY:_superpathway_of_histidine,_purine,_and_pyrimidine_biosynthesis",GALACT-GLUCUROCAT-PWY:_superpathway_of_hexuronide_and_hexuronate_degradation,60.15679931640625,3.29554980289446,12,32.045166015625,0.67364501953125,16.359405517578125,43.797393798828125,72.80539240205802
NAGLIPASYN-PWY:_lipid_IVA_biosynthesis_(E._coli),PWY0-1337:_oleate_&beta;-oxidation,63.527750651041664,7.3470687337260605,9,5.19189453125,29.398763020833332,17.295328776041664,46.232421875,72.7751595187983
GALACTITOLCAT-PWY:_galactitol_degradation,GALACT-GLUCUROCAT-PWY:_superpathway_of_hexuronide_and_hexuronate_degradation,70.766357421875,0.0,3,37.575927734375,0.999267578125,19.28759765625,51.478759765625,72.74467930959536
"PWY-5138:_fatty_acid_&beta;-oxidation_IV_(unsaturated,_even_number)",PWY0-845:_superpathway_of_pyridoxal_5'-phosphate_biosynthesis_and_salvage,73.535888671875,4.942499500835043,33,39.87031693892045,0.26143022017045453,20.065873579545453,53.47001509232955,72.71281554904229
GALACT-GLUCUROCAT-PWY:_superpathway_of_hexuronide_and_hexuronate_degradation,PWY-7118:_chitin_deacetylation,86.364990234375,3.996128151485447,6,0.76318359375,46.4107666015625,23.58697509765625,62.77801513671875,72.68919381146625
ARGSYN-PWY:_L-arginine_biosynthesis_I_(via_L-ornithine),PWY-5209:_methyl-coenzyme_M_oxidation_to_CO2,77.099609375,0.0,3,11.780029296875,30.345947265625,21.06298828125,56.03662109375,72.68081063964534
"PRPP-PWY:_superpathway_of_histidine,_purine,_and_pyrimidine_biosynthesis",GLUDEG-I-PWY:_GABA_shunt,59.250732421875,1.053991503480401,6,32.5841064453125,0.06103515625,16.32257080078125,42.92816162109375,72.45169783799153
PWY-7323:_superpathway_of_GDP-mannose-derived_O-antigen_building_blocks_biosynthesis,HEMESYN2-PWY:_heme_b_biosynthesis_II_(oxygen-independent),67.3583984375,0.0,3,4.02734375,33.1494140625,18.58837890625,48.77001953125,72.40376948169627
GALACT-GLUCUROCAT-PWY:_superpathway_of_hexuronide_and_hexuronate_degradation,PWY0-1337:_oleate_&beta;-oxidation,66.30859375,3.096870946255981,21,0.7791573660714286,36.169747488839285,18.474452427455358,47.83414132254464,72.1386755733221
PWY-5855:_ubiquinol-7_biosynthesis_(early_decarboxylation),NAGLIPASYN-PWY:_lipid_IVA_biosynthesis_(E._coli),90.29345703125,8.693867432682298,24,45.14794921875,5.30194091796875,25.224945068359375,65.06851196289062,72.06337435986178
PWY0-845:_superpathway_of_pyridoxal_5'-phosphate_biosynthesis_and_salvage,PWY-7254:_TCA_cycle_VII_(acetate-producers),64.12783578725961,2.876606281153891,39,0.20819561298076922,35.66340519831731,17.935800405649037,46.19203538161058,72.03117774760088
GLUCUROCAT-PWY:_superpathway_of_&beta;-D-glucuronosides_degradation,PWY-6823:_molybdopterin_biosynthesis,57.22216796875,0.0,3,31.845458984375,0.283203125,16.0643310546875,41.1578369140625,71.92638513196405
PWY0-1338:_polymyxin_resistance,GALACT-GLUCUROCAT-PWY:_superpathway_of_hexuronide_and_hexuronate_degradation,76.47265625,1.863432238717068,21,42.359793526785715,0.8166155133928571,21.588204520089285,54.884451729910715,71.77003444274987
LIPASYN-PWY:_phospholipases,PWY-8131:_5'-deoxyadenosine_degradation_II,61.6126708984375,1.3870913303225305,6,34.583984375,0.3839111328125,17.48394775390625,44.12872314453125,71.62280501891107
OANTIGEN-PWY:_O-antigen_building_blocks_biosynthesis_(E._coli),PWY0-1477:_ethanolamine_utilization,57.41064453125,0.0,3,12.9912109375,19.611083984375,16.3011474609375,41.1094970703125,71.60605390510048
GALACT-GLUCUROCAT-PWY:_superpathway_of_hexuronide_and_hexuronate_degradation,PWY-5747:_2-methylcitrate_cycle_II,84.6468505859375,3.2951431874525596,24,0.829498291015625,47.459869384765625,24.144683837890625,60.502166748046875,71.47598088912027
PWY0-42:_2-methylcitrate_cycle_I,NAGLIPASYN-PWY:_lipid_IVA_biosynthesis_(E._coli),110.7353515625,0.0,3,59.13916015625,5.0322265625,32.085693359375,78.649658203125,71.02488689778028
PWY-6803:_phosphatidylcholine_acyl_editing,GALACT-GLUCUROCAT-PWY:_superpathway_of_hexuronide_and_hexuronate_degradation,76.08642578125,0.0,3,43.11474609375,0.999267578125,22.0570068359375,54.0294189453125,71.01058880154018
PWY0-845:_superpathway_of_pyridoxal_5'-phosphate_biosynthesis_and_salvage,PWY0-1415:_superpathway_of_heme_b_biosynthesis_from_uroporphyrinogen-III,67.90264892578125,7.699050794736571,36,0.24143473307291666,39.385640462239586,19.81353759765625,48.089111328125,70.82067060548289
GALACT-GLUCUROCAT-PWY:_superpathway_of_hexuronide_and_hexuronate_degradation,URDEGR-PWY:_superpathway_of_allantoin_degradation_in_plants,70.380615234375,4.187774973967729,12,0.58270263671875,40.5732421875,20.577972412109375,49.802642822265625,70.7618747810281
PWY-822:_fructan_biosynthesis,PWY-922:_mevalonate_pathway_I_(eukaryotes_and_bacteria),64.0272216796875,0.5179027014691177,6,7.3211669921875,30.2730712890625,18.797119140625,45.2301025390625,70.64198844256842
PWY0-1338:_polymyxin_resistance,NAGLIPASYN-PWY:_lipid_IVA_biosynthesis_(E._coli),77.30818684895833,10.09451809564812,9,40.38671875,5.19189453125,22.789306640625,54.51888020833333,70.5214834683035
PWY-6507:_4-deoxy-L-threo-hex-4-enopyranuronate_degradation,NONMEVIPP-PWY:_methylerythritol_phosphate_pathway_I,62.48486328125,0.0,3,8.9873046875,27.873046875,18.43017578125,44.0546875,70.50457532683697
PWY-6285:_superpathway_of_fatty_acids_biosynthesis_(E._coli),PWY-6507:_4-deoxy-L-threo-hex-4-enopyranuronate_degradation,58.447998046875,0.0,3,25.904052734375,8.9873046875,17.4456787109375,41.0023193359375,70.15179425487567
PWY-6507:_4-deoxy-L-threo-hex-4-enopyranuronate_degradation,PWY-5347:_superpathway_of_L-methionine_biosynthesis_(transsulfuration),66.22111002604167,1.4072017998406148,9,8.422770182291666,31.159830729166668,19.791300455729168,46.4298095703125,70.11330609235307
PWY0-845:_superpathway_of_pyridoxal_5'-phosphate_biosynthesis_and_salvage,P108-PWY:_pyruvate_fermentation_to_propanoate_I,67.1522216796875,1.8941626042628608,6,0.2991943359375,39.9327392578125,20.115966796875,47.0362548828125,70.0442274377353
PWY-6507:_4-deoxy-L-threo-hex-4-enopyranuronate_degradation,PWY0-781:_aspartate_superpathway,66.3743896484375,10.683398019228573,6,8.8819580078125,31.374267578125,20.12811279296875,46.24627685546875,69.67488077919737
GALACT-GLUCUROCAT-PWY:_superpathway_of_hexuronide_and_hexuronate_degradation,PWY-7094:_fatty_acid_salvage,73.21787806919643,4.215331368489618,21,0.7677873883928571,43.993233816964285,22.38051060267857,50.83736746651786,69.43299752346374
GALACT-GLUCUROCAT-PWY:_superpathway_of_hexuronide_and_hexuronate_degradation,PWY-5838:_superpathway_of_menaquinol-8_biosynthesis_I,57.281494140625,0.0,3,0.527099609375,34.51806640625,17.5225830078125,39.7589111328125,69.40969632392115
PWY0-845:_superpathway_of_pyridoxal_5'-phosphate_biosynthesis_and_salvage,PWY0-1533:_methylphosphonate_degradation_I,66.26993815104167,1.6131763932186134,9,0.3045247395833333,40.331298828125,20.317911783854168,45.9520263671875,69.3406809320603
GALACT-GLUCUROCAT-PWY:_superpathway_of_hexuronide_and_hexuronate_degradation,PWY0-1533:_methylphosphonate_degradation_I,68.19832356770833,1.1225523614565218,9,0.4890950520833333,41.395589192708336,20.942342122395836,47.25598144531249,69.29199864919853
PWY0-1277:_3-phenylpropanoate_and_3-(3-hydroxyphenyl)propanoate_degradation,NAGLIPASYN-PWY:_lipid_IVA_biosynthesis_(E._coli),63.7042236328125,6.188489316108787,6,33.5406494140625,5.685546875,19.61309814453125,44.09112548828125,69.21224837841204
PWY0-845:_superpathway_of_pyridoxal_5'-phosphate_biosynthesis_and_salvage,PWY-6690:_cinnamate_and_3-hydroxycinnamate_degradation_to_2-hydroxypentadienoate,57.74521484375,2.752261235040603,15,0.18955078125,35.61416015625,17.90185546875,39.843359375,68.99854729575469
PWY-822:_fructan_biosynthesis,PWY66-409:_superpathway_of_purine_nucleotide_salvage,61.2603759765625,1.1276719549416658,6,6.8228759765625,31.4224853515625,19.1226806640625,42.1376953125,68.7845848817862
GALACT-GLUCUROCAT-PWY:_superpathway_of_hexuronide_and_hexuronate_degradation,PWY0-42:_2-methylcitrate_cycle_I,92.398681640625,6.9167620949700614,24,0.829498291015625,57.028564453125,28.929031372070312,63.46965026855469,68.69107777469516
PWY-5973:_cis-vaccenate_biosynthesis,PWY-7238:_sucrose_biosynthesis_II,56.2998046875,0.0,3,16.4404296875,18.8759765625,17.658203125,38.6416015625,68.63540961995456
PWY-1042:_glycolysis_IV,NAGLIPASYN-PWY:_lipid_IVA_biosynthesis_(E._coli),65.588134765625,0.0,3,35.072021484375,6.457275390625,20.7646484375,44.823486328125,68.34084623430573
PWY0-845:_superpathway_of_pyridoxal_5'-phosphate_biosynthesis_and_salvage,TCA:_TCA_cycle_I_(prokaryotic),75.93255615234375,2.9542128436353905,12,0.15008544921875,47.95050048828125,24.05029296875,51.88226318359375,68.32677024529794
PWY-6507:_4-deoxy-L-threo-hex-4-enopyranuronate_degradation,GLUCARDEG-PWY:_D-glucarate_degradation_I,57.6533203125,0.0,3,8.776611328125,27.8466796875,18.3116455078125,39.3416748046875,68.23835052594136
TRNA-CHARGING-PWY:_tRNA_charging,PWY-6165:_chorismate_biosynthesis_II_(archaea),72.34963650173611,3.0837256867791023,27,27.28778754340278,18.89108615451389,23.089436848958336,49.26019965277778,68.08631257130881
"PWY-7117:_C4_photosynthetic_carbon_assimilation_cycle,_PEPCK_type",PWY-6901:_superpathway_of_glucose_and_xylose_degradation,79.2113037109375,2.247454351559895,6,48.5843505859375,2.1826171875,25.38348388671875,53.82781982421875,67.95472022610608
PWY-5104:_L-isoleucine_biosynthesis_IV,GALACT-GLUCUROCAT-PWY:_superpathway_of_hexuronide_and_hexuronate_degradation,69.32354736328125,3.6326101537604223,12,43.8701171875,0.646484375,22.25830078125,47.06524658203125,67.89214974154713
"PWY-5138:_fatty_acid_&beta;-oxidation_IV_(unsaturated,_even_number)",NAGLIPASYN-PWY:_lipid_IVA_biosynthesis_(E._coli),73.70882161458333,2.1462126257002314,9,42.083170572916664,5.347086588541667,23.715128580729164,49.993693033854164,67.82592902551964
SO4ASSIM-PWY:_assimilatory_sulfate_reduction_I,PWY-6386:_UDP-N-acetylmuramoyl-pentapeptide_biosynthesis_II_(lysine-containing),60.5938720703125,2.1177446638694626,6,11.5106201171875,27.718994140625,19.61480712890625,40.97906494140625,67.62905808999064
GALACT-GLUCUROCAT-PWY:_superpathway_of_hexuronide_and_hexuronate_degradation,PWY-7942:_5-oxo-L-proline_metabolism,66.1302490234375,0.6048215643544589,6,0.76318359375,42.18017578125,21.4716796875,44.6585693359375,67.53122813753485
P163-PWY:_L-lysine_fermentation_to_acetate_and_butanoate,"PWY-241:_C4_photosynthetic_carbon_assimilation_cycle,_NADP-ME_type",66.22509765625,0.0,3,21.284912109375,21.7314453125,21.5081787109375,44.7169189453125,67.52261684448017
PWY0-1533:_methylphosphonate_degradation_I,NAGLIPASYN-PWY:_lipid_IVA_biosynthesis_(E._coli),67.37822265625,7.787209005742576,15,38.595703125,5.21796875,21.9068359375,45.471386718750004,67.48677083801361
PWY0-1338:_polymyxin_resistance,PWY-6507:_4-deoxy-L-threo-hex-4-enopyranuronate_degradation,75.4376220703125,2.1581285047792678,6,40.440673828125,8.8819580078125,24.66131591796875,50.77630615234375,67.30899617304628
PWY-6507:_4-deoxy-L-threo-hex-4-enopyranuronate_degradation,"P461-PWY:_hexitol_fermentation_to_lactate,_formate,_ethanol_and_acetate",58.758544921875,2.2216461353493235,6,9.4979248046875,29.128173828125,19.31304931640625,39.44549560546875,67.13150514178872
GALACT-GLUCUROCAT-PWY:_superpathway_of_hexuronide_and_hexuronate_degradation,PWY0-461:_L-lysine_degradation_I,77.24747721354167,5.414973759950339,27,0.8401421440972222,50.050564236111114,25.445353190104168,51.8021240234375,67.05995573193483
PWY-6901:_superpathway_of_glucose_and_xylose_degradation,"GLYCOLYSIS-TCA-GLYOX-BYPASS:_superpathway_of_glycolysis,_pyruvate_dehydrogenase,_TCA,_and_glyoxylate_bypass",63.870361328125,0.11098870183820504,6,3.568603515625,38.5579833984375,21.06329345703125,42.80706787109375,67.02180319785332
METH-ACETATE-PWY:_methanogenesis_from_acetate,PWY-6151:_S-adenosyl-L-methionine_salvage_I,61.572509765625,0.0,3,6.197021484375,34.594482421875,20.395751953125,41.1767578125,66.8752304709339
PWY-5188:_tetrapyrrole_biosynthesis_I_(from_glutamate),PWY66-409:_superpathway_of_purine_nucleotide_salvage,59.7025634765625,3.9852599270475912,30,9.21982421875,30.40576171875,19.81279296875,39.8897705078125,66.81416707252791
GALACT-GLUCUROCAT-PWY:_superpathway_of_hexuronide_and_hexuronate_degradation,KDO-NAGLIPASYN-PWY:_superpathway_of_(Kdo)2-lipid_A_biosynthesis,66.56790161132812,2.504668425874564,24,0.829498291015625,43.461944580078125,22.145721435546875,44.42218017578125,66.73213230477096
PWY0-845:_superpathway_of_pyridoxal_5'-phosphate_biosynthesis_and_salvage,PWY-5705:_allantoin_degradation_to_glyoxylate_III,72.31279296875,2.742711630302454,15,0.139501953125,47.983349609375,24.061425781249998,48.25136718750001,66.72590727943789
"PRPP-PWY:_superpathway_of_histidine,_purine,_and_pyrimidine_biosynthesis",NAGLIPASYN-PWY:_lipid_IVA_biosynthesis_(E._coli),58.05859375,1.232643197041655,6,32.8179931640625,5.8284912109375,19.3232421875,38.7353515625,66.71768821906748
PWY0-845:_superpathway_of_pyridoxal_5'-phosphate_biosynthesis_and_salvage,PWY-5675:_nitrate_reduction_V_(assimilatory),78.260498046875,5.8176053616006556,33,0.298583984375,51.80140269886363,26.049993341619317,52.21050470525569,66.71373938098839
PWY-5705:_allantoin_degradation_to_glyoxylate_III,GALACT-GLUCUROCAT-PWY:_superpathway_of_hexuronide_and_hexuronate_degradation,74.48078264508929,2.444786349284654,21,48.883475167410715,0.7677873883928571,24.825631277901785,49.65515136718751,66.66840707595787
OANTIGEN-PWY:_O-antigen_building_blocks_biosynthesis_(E._coli),PWY-5840:_superpathway_of_menaquinol-7_biosynthesis,68.32442220052083,5.711261174505831,18,8.4774169921875,37.125040690104164,22.801228841145832,45.523193359375,66.62799610038704
PWY0-845:_superpathway_of_pyridoxal_5'-phosphate_biosynthesis_and_salvage,FAO-PWY:_fatty_acid_&beta;-oxidation_I_(generic),71.27243041992188,6.216648535312223,24,0.29168701171875,47.2958984375,23.793792724609375,47.4786376953125,66.61571299810957
P122-PWY:_heterolactic_fermentation,GALACT-GLUCUROCAT-PWY:_superpathway_of_hexuronide_and_hexuronate_degradation,64.9007568359375,1.9621162325920958,12,42.731201171875,0.63275146484375,21.681976318359375,43.218780517578125,66.59210558488678
NAGLIPASYN-PWY:_lipid_IVA_biosynthesis_(E._coli),PWY-5840:_superpathway_of_menaquinol-7_biosynthesis,75.284423828125,0.0,3,5.0322265625,45.2880859375,25.16015625,50.124267578125,66.57986477064519
PWY-7187:_pyrimidine_deoxyribonucleotides_de_novo_biosynthesis_II,NAGLIPASYN-PWY:_lipid_IVA_biosynthesis_(E._coli),61.932861328125,4.149372792818678,6,35.7767333984375,5.685546875,20.73114013671875,41.20172119140625,66.52642927817658
PWY-6507:_4-deoxy-L-threo-hex-4-enopyranuronate_degradation,PWY-7118:_chitin_deacetylation,75.80908203125,2.1084043918824142,9,8.3525390625,42.560546875,25.45654296875,50.3525390625,66.42019361445861
PWY-7805:_(aminomethyl)phosphonate_degradation,GALACT-GLUCUROCAT-PWY:_superpathway_of_hexuronide_and_hexuronate_degradation,68.24027506510417,3.1721702049766387,18,45.3115234375,0.6389567057291666,22.975240071614582,45.26503499348959,66.33184721237538
P122-PWY:_heterolactic_fermentation,PWY-6507:_4-deoxy-L-threo-hex-4-enopyranuronate_degradation,57.808349609375,0.0,3,30.095458984375,8.9873046875,19.5413818359375,38.2669677734375,66.1962640899051
OANTIGEN-PWY:_O-antigen_building_blocks_biosynthesis_(E._coli),SULFATE-CYS-PWY:_superpathway_of_sulfate_assimilation_and_cysteine_biosynthesis,67.1259765625,0.0,3,12.9912109375,32.398193359375,22.6947021484375,44.4312744140625,66.19087972998531
GALACT-GLUCUROCAT-PWY:_superpathway_of_hexuronide_and_hexuronate_degradation,DARABCATK12-PWY:_D-arabinose_degradation_I,64.16287667410714,2.3954531717092,21,0.7254115513392857,42.731898716517854,21.72865513392857,42.43422154017857,66.13516060962843
HEME-BIOSYNTHESIS-II-1:_heme_b_biosynthesis_V_(aerobic),GALACT-GLUCUROCAT-PWY:_superpathway_of_hexuronide_and_hexuronate_degradation,80.25634765625,0.0,3,53.520263671875,0.999267578125,27.259765625,52.99658203125,66.03413135399873
PWY0-845:_superpathway_of_pyridoxal_5'-phosphate_biosynthesis_and_salvage,PWY-5850:_superpathway_of_menaquinol-6_biosynthesis,72.69423828125,3.2309528063952766,15,0.139501953125,49.292431640625,24.715966796874998,47.978271484375,66.0001020971562
PWY0-845:_superpathway_of_pyridoxal_5'-phosphate_biosynthesis_and_salvage,REDCITCYC:_TCA_cycle_VI_(Helicobacter),74.7130596454327,5.222454244832275,39,0.2605731670673077,50.57271634615385,25.416644756610577,49.29641488882211,65.98098795949346
PWY0-845:_superpathway_of_pyridoxal_5'-phosphate_biosynthesis_and_salvage,GLYOXYLATE-BYPASS:_glyoxylate_cycle,77.2552959735577,6.508118292405785,39,0.2605731670673077,52.40882286658654,26.334698016826923,50.920597956730774,65.91211296913477
OANTIGEN-PWY:_O-antigen_building_blocks_biosynthesis_(E._coli),GLUCARDEG-PWY:_D-glucarate_degradation_I,60.63427734375,0.5594900343265659,6,10.5833740234375,30.8441162109375,20.7137451171875,39.9205322265625,65.83822546485315
PWY0-41:_allantoin_degradation_IV_(anaerobic),GALACT-GLUCUROCAT-PWY:_superpathway_of_hexuronide_and_hexuronate_degradation,75.586669921875,0.0,3,50.664306640625,0.999267578125,25.831787109375,49.7548828125,65.82494355674848
GALACT-GLUCUROCAT-PWY:_superpathway_of_hexuronide_and_hexuronate_degradation,PWY-5840:_superpathway_of_menaquinol-7_biosynthesis,68.94696044921875,5.001374646487953,12,0.81854248046875,46.312744140625,23.565643310546875,45.381317138671875,65.8206204348869
TRNA-CHARGING-PWY:_tRNA_charging,PWY-8113:_3PG-factor_420_biosynthesis,84.18881225585938,2.5218381958179945,24,27.6566162109375,29.936676025390625,28.796646118164062,55.39216613769531,65.79516286481417
GALACTARDEG-PWY:_D-galactarate_degradation_I,PWY-8073:_lipid_IVA_biosynthesis_(P._putida),59.632893880208336,1.7133663826042018,9,37.836100260416664,2.964599609375,20.400349934895832,39.2325439453125,65.79010574956091
GALACT-GLUCUROCAT-PWY:_superpathway_of_hexuronide_and_hexuronate_degradation,TCA-GLYOX-BYPASS:_superpathway_of_glyoxylate_bypass_and_TCA,74.584716796875,3.519431209095018,9,0.646484375,50.506510416666664,25.576497395833332,49.00821940104167,65.70812561306802
PWY-5705:_allantoin_degradation_to_glyoxylate_III,NAGLIPASYN-PWY:_lipid_IVA_biosynthesis_(E._coli),78.8619384765625,12.645624779197032,6,49.0521240234375,5.1751708984375,27.1136474609375,51.748291015625,65.61884226445235
PWY0-845:_superpathway_of_pyridoxal_5'-phosphate_biosynthesis_and_salvage,TCA-GLYOX-BYPASS:_superpathway_of_glyoxylate_bypass_and_TCA,72.30402483258929,3.508836987547194,21,0.3269740513392857,49.434116908482146,24.880545479910715,47.42347935267858,65.588989634369
"PWY-7409:_phospholipid_remodeling_(phosphatidylethanolamine,_yeast)",GALACT-GLUCUROCAT-PWY:_superpathway_of_hexuronide_and_hexuronate_degradation,57.01171875,0.0,3,38.78662109375,0.527099609375,19.6568603515625,37.3548583984375,65.5213686193902
NAGLIPASYN-PWY:_lipid_IVA_biosynthesis_(E._coli),PWY-7942:_5-oxo-L-proline_metabolism,70.82194010416667,4.00966932121145,27,5.458333333333333,43.385715060763886,24.42202419704861,46.39991590711806,65.51630164165499
CARNMET-PWY:_L-carnitine_degradation_I,GALACTUROCAT-PWY:_D-galacturonate_degradation_I,66.1134033203125,0.33604169604748046,6,45.5341796875,0.167236328125,22.8507080078125,43.2626953125,65.43710222100772
PWY0-845:_superpathway_of_pyridoxal_5'-phosphate_biosynthesis_and_salvage,PWY0-42:_2-methylcitrate_cycle_I,92.699853515625,5.4434092517475925,15,0.139501953125,63.964697265625,32.052099609375,60.647753906249996,65.42378612931414
GALACT-GLUCUROCAT-PWY:_superpathway_of_hexuronide_and_hexuronate_degradation,PWY0-166:_superpathway_of_pyrimidine_deoxyribonucleotides_de_novo_biosynthesis_(E._coli),73.038330078125,3.060959576969652,9,0.7303059895833334,49.867513020833336,25.298909505208336,47.739420572916664,65.36214686432793
GALACT-GLUCUROCAT-PWY:_superpathway_of_hexuronide_and_hexuronate_degradation,CARNMET-PWY:_L-carnitine_degradation_I,69.7216796875,3.931087687434473,18,0.5762532552083334,47.7388916015625,24.157572428385418,45.56410725911458,65.35141933375353
PWY0-845:_superpathway_of_pyridoxal_5'-phosphate_biosynthesis_and_salvage,"PWY-6961:_L-ascorbate_degradation_II_(bacterial,_aerobic)",81.367919921875,0.0,3,0.05810546875,56.333740234375,28.1959228515625,53.1719970703125,65.34761749024102
GLUDEG-I-PWY:_GABA_shunt,HEMESYN2-PWY:_heme_b_biosynthesis_II_(oxygen-independent),70.54345703125,0.0,3,0.0283203125,48.8720703125,24.4501953125,46.09326171875,65.34023658399839
GALACT-GLUCUROCAT-PWY:_superpathway_of_hexuronide_and_hexuronate_degradation,"PWY-6961:_L-ascorbate_degradation_II_(bacterial,_aerobic)",88.59803602430556,6.565579002385077,27,0.8549262152777778,60.6044921875,30.72970920138889,57.86832682291667,65.31558646180527
NAGLIPASYN-PWY:_lipid_IVA_biosynthesis_(E._coli),HEMESYN2-PWY:_heme_b_biosynthesis_II_(oxygen-independent),62.888427734375,0.0,3,6.3388671875,37.293212890625,21.8160400390625,41.0723876953125,65.30992930653633
GALACT-GLUCUROCAT-PWY:_superpathway_of_hexuronide_and_hexuronate_degradation,PWY-5189:_tetrapyrrole_biosynthesis_II_(from_glycine),106.66259765625,0.0,3,0.527099609375,73.486083984375,37.006591796875,69.656005859375,65.30499668108676
PWY-2941:_L-lysine_biosynthesis_II,PWY66-429:_fatty_acid_biosynthesis_initiation_(mitochondria),68.40001627604167,6.600729554289669,45,15.700797526041667,31.901171875,23.800984700520832,44.59903157552084,65.20324702194911
PWY0-845:_superpathway_of_pyridoxal_5'-phosphate_biosynthesis_and_salvage,PWY-7942:_5-oxo-L-proline_metabolism,63.99169921875,0.0,3,0.27587890625,44.505615234375,22.3907470703125,41.6009521484375,65.0099194994468
PWY-5104:_L-isoleucine_biosynthesis_IV,PWY-5130:_2-oxobutanoate_degradation_I,69.358154296875,3.6016502353135134,6,45.7183837890625,2.8355712890625,24.2769775390625,45.0811767578125,64.99765920074906
NAGLIPASYN-PWY:_lipid_IVA_biosynthesis_(E._coli),PWY0-166:_superpathway_of_pyrimidine_deoxyribonucleotides_de_novo_biosynthesis_(E._coli),75.86431884765625,5.553610613505892,24,5.455108642578125,47.724822998046875,26.5899658203125,49.27435302734375,64.9506299875861
PWY0-845:_superpathway_of_pyridoxal_5'-phosphate_biosynthesis_and_salvage,KDO-NAGLIPASYN-PWY:_superpathway_of_(Kdo)2-lipid_A_biosynthesis,64.17350260416667,1.6169717110301385,9,0.12858072916666666,44.8671875,22.497884114583332,41.67561848958334,64.94209728062657
PWY-6507:_4-deoxy-L-threo-hex-4-enopyranuronate_degradation,PWY-5723:_Rubisco_shunt,67.5010986328125,4.860418491763622,18,8.979654947916666,38.366292317708336,23.6729736328125,43.828125,64.92949876032834
PWY-5692:_allantoin_degradation_to_glyoxylate_II,GALACT-GLUCUROCAT-PWY:_superpathway_of_hexuronide_and_hexuronate_degradation,70.38067626953125,4.187881593547065,12,48.7850341796875,0.58270263671875,24.683868408203125,45.696807861328125,64.92806020551254
PWY-5850:_superpathway_of_menaquinol-6_biosynthesis,GALACT-GLUCUROCAT-PWY:_superpathway_of_hexuronide_and_hexuronate_degradation,74.17289225260417,2.950579012950147,18,51.402506510416664,0.7292073567708334,26.06585693359375,48.10703531901042,64.85797419787336
NAGLIPASYN-PWY:_lipid_IVA_biosynthesis_(E._coli),"PWY-5837:_2-carboxy-1,4-naphthoquinol_biosynthesis",66.2852783203125,1.6120106032042913,6,4.708251953125,41.936279296875,23.322265625,42.9630126953125,64.81531613656496
OANTIGEN-PWY:_O-antigen_building_blocks_biosynthesis_(E._coli),COMPLETE-ARO-PWY:_superpathway_of_aromatic_amino_acid_biosynthesis,75.232666015625,0.0,3,12.9912109375,40.049072265625,26.5201416015625,48.7125244140625,64.74916680999374
FAO-PWY:_fatty_acid_&beta;-oxidation_I_(generic),NAGLIPASYN-PWY:_lipid_IVA_biosynthesis_(E._coli),72.65087890625,1.8437868736911787,9,45.939290364583336,5.347086588541667,25.6431884765625,47.0076904296875,64.7035399122247
GALACT-GLUCUROCAT-PWY:_superpathway_of_hexuronide_and_hexuronate_degradation,PWY-5675:_nitrate_reduction_V_(assimilatory),68.897216796875,0.0,3,0.999267578125,47.73583984375,24.3675537109375,44.5296630859375,64.63202021240029
PWY0-845:_superpathway_of_pyridoxal_5'-phosphate_biosynthesis_and_salvage,PWY0-1337:_oleate_&beta;-oxidation,66.521240234375,0.0,3,0.27587890625,46.857666015625,23.5667724609375,42.9544677734375,64.5725600155613
PWY-7198:_pyrimidine_deoxyribonucleotides_de_novo_biosynthesis_IV,METH-ACETATE-PWY:_methanogenesis_from_acetate,75.68896484375,0.0,3,44.921142578125,8.781494140625,26.851318359375,48.837646484375,64.52413054557418
PWY-5913:_partial_TCA_cycle_(obligate_autotrophs),PWY-6125:_superpathway_of_guanosine_nucleotides_de_novo_biosynthesis_II,81.07421875,0.0,3,54.673828125,2.916259765625,28.7950439453125,52.2791748046875,64.48310648036617
GALACT-GLUCUROCAT-PWY:_superpathway_of_hexuronide_and_hexuronate_degradation,GLYOXYLATE-BYPASS:_glyoxylate_cycle,75.07568359375,0.0,3,0.999267578125,52.40087890625,26.7000732421875,48.3756103515625,64.4357907059933
PWY-6690:_cinnamate_and_3-hydroxycinnamate_degradation_to_2-hydroxypentadienoate,NAGLIPASYN-PWY:_lipid_IVA_biosynthesis_(E._coli),65.3553466796875,6.087663435161789,6,40.906982421875,5.685546875,23.2962646484375,42.05908203125,64.35446243960021
NAGLIPASYN-PWY:_lipid_IVA_biosynthesis_(E._coli),VALSYN-PWY:_L-valine_biosynthesis,84.50450550426136,9.805992673937872,33,4.808638139204546,55.48628373579545,30.1474609375,54.35704456676136,64.32443364102079
FUC-RHAMCAT-PWY:_superpathway_of_fucose_and_rhamnose_degradation,"PWY-7039:_phosphatidate_metabolism,_as_a_signaling_molecule",60.183837890625,0.0,3,5.677734375,37.277587890625,21.4776611328125,38.7061767578125,64.31324108667698
PWY-6507:_4-deoxy-L-threo-hex-4-enopyranuronate_degradation,URDEGR-PWY:_superpathway_of_allantoin_degradation_in_plants,68.76559012276786,4.056798159413967,21,10.16845703125,38.954903738839285,24.561680385044642,44.20390973772322,64.28201904296257
GALACTARDEG-PWY:_D-galactarate_degradation_I,NAGLIPASYN-PWY:_lipid_IVA_biosynthesis_(E._coli),59.877880859375,2.7527529421637587,15,37.698486328125,5.08837890625,21.3934326171875,38.4844482421875,64.27156019861387
GALACT-GLUCUROCAT-PWY:_superpathway_of_hexuronide_and_hexuronate_degradation,PWY4LZ-257:_superpathway_of_fermentation_(Chlamydomonas_reinhardtii),89.415283203125,5.802246600847053,12,0.6510009765625,63.328857421875,31.98992919921875,57.42535400390625,64.22319758631517
PWY-5723:_Rubisco_shunt,GALACT-GLUCUROCAT-PWY:_superpathway_of_hexuronide_and_hexuronate_degradation,70.32281494140625,7.404381733392503,12,49.59228515625,0.77191162109375,25.182098388671875,45.140716552734375,64.19071334153236
PWY-7198:_pyrimidine_deoxyribonucleotides_de_novo_biosynthesis_IV,PWY-6121:_5-aminoimidazole_ribonucleotide_biosynthesis_I,59.700927734375,0.0,3,26.274658203125,16.483642578125,21.379150390625,38.32177734375,64.18958431308401
PWY-5188:_tetrapyrrole_biosynthesis_I_(from_glutamate),"PWY-7117:_C4_photosynthetic_carbon_assimilation_cycle,_PEPCK_type",88.686328125,8.630026481662298,15,8.368505859375,55.296826171875,31.832666015624998,56.85366210937501,64.10645621638764
PWY-5104:_L-isoleucine_biosynthesis_IV,PWY-7560:_methylerythritol_phosphate_pathway_II,71.84375,0.0,3,46.07080078125,5.538818359375,25.8048095703125,46.0389404296875,64.08203974554154
PWY-7805:_(aminomethyl)phosphonate_degradation,PWY-6901:_superpathway_of_glucose_and_xylose_degradation,67.02587890625,0.0,3,45.36474609375,2.981689453125,24.1732177734375,42.8526611328125,63.934500870553435
NAGLIPASYN-PWY:_lipid_IVA_biosynthesis_(E._coli),TCA-GLYOX-BYPASS:_superpathway_of_glyoxylate_bypass_and_TCA,82.7952880859375,11.459516604130913,6,5.1751708984375,54.5699462890625,29.87255859375,52.9227294921875,63.91997747173277
OANTIGEN-PWY:_O-antigen_building_blocks_biosynthesis_(E._coli),PWY-5838:_superpathway_of_menaquinol-8_biosynthesis_I,64.264404296875,0.0,3,8.175537109375,38.2470703125,23.2113037109375,41.0531005859375,63.8815547037348
PWY-6507:_4-deoxy-L-threo-hex-4-enopyranuronate_degradation,DARABCATK12-PWY:_D-arabinose_degradation_I,65.625244140625,2.6268036392754017,12,8.535888671875,38.914794921875,23.725341796875,41.89990234375,63.84723271118783
PWY-7805:_(aminomethyl)phosphonate_degradation,PWY-5130:_2-oxobutanoate_degradation_I,67.756591796875,0.0,3,43.47119140625,5.552978515625,24.5120849609375,43.2445068359375,63.823320638054845
MET-SAM-PWY:_superpathway_of_S-adenosyl-L-methionine_biosynthesis,GALACT-GLUCUROCAT-PWY:_superpathway_of_hexuronide_and_hexuronate_degradation,78.01287841796875,2.9134558437383284,24,55.688751220703125,0.7642822265625,28.226516723632812,49.78636169433594,63.81813195969528
PWY0-845:_superpathway_of_pyridoxal_5'-phosphate_biosynthesis_and_salvage,PWY-7094:_fatty_acid_salvage,68.44034830729167,5.554225404782451,9,0.12117513020833333,49.427571614583336,24.774373372395836,43.665974934895836,63.80150892692584
GALACT-GLUCUROCAT-PWY:_superpathway_of_hexuronide_and_hexuronate_degradation,HEME-BIOSYNTHESIS-II:_heme_b_biosynthesis_I_(aerobic),88.3408203125,0.0,3,0.527099609375,63.693359375,32.1102294921875,56.2305908203125,63.65187760471363
"GLYCOLYSIS-TCA-GLYOX-BYPASS:_superpathway_of_glycolysis,_pyruvate_dehydrogenase,_TCA,_and_glyoxylate_bypass",GALACT-GLUCUROCAT-PWY:_superpathway_of_hexuronide_and_hexuronate_degradation,65.125732421875,4.877763079756367,9,46.986002604166664,0.6314290364583334,23.8087158203125,41.3170166015625,63.44192236321719
P163-PWY:_L-lysine_fermentation_to_acetate_and_butanoate,PWY-7858:_(5Z)-dodecenoate_biosynthesis_II,57.59033203125,0.0,3,26.389892578125,15.803955078125,21.096923828125,36.493408203125,63.3672474458434
OANTIGEN-PWY:_O-antigen_building_blocks_biosynthesis_(E._coli),HEMESYN2-PWY:_heme_b_biosynthesis_II_(oxygen-independent),67.75068359375,2.319041331368605,15,7.4234375,42.22880859375,24.826123046875,42.924560546875,63.35664567498887
PWY-5104:_L-isoleucine_biosynthesis_IV,NAGLIPASYN-PWY:_lipid_IVA_biosynthesis_(E._coli),87.476318359375,0.0,3,59.148193359375,5.0322265625,32.0902099609375,55.3861083984375,63.31554578108472
PWY0-845:_superpathway_of_pyridoxal_5'-phosphate_biosynthesis_and_salvage,"PWY-7385:_1,3-propanediol_biosynthesis_(engineered)",65.76399739583333,4.646931125656534,27,0.3324381510416667,47.94053819444444,24.136488172743054,41.62750922309027,63.298325636342334
GALACT-GLUCUROCAT-PWY:_superpathway_of_hexuronide_and_hexuronate_degradation,PWY-7204:_pyridoxal_5'-phosphate_salvage_II_(plants),87.7222900390625,4.719541585536493,30,0.8560546875,63.5795166015625,32.217785644531254,55.504504394531246,63.27297699343604
PWY-702:_L-methionine_biosynthesis_II,PWY-6507:_4-deoxy-L-threo-hex-4-enopyranuronate_degradation,54.5966796875,0.0,3,31.17578125,8.9873046875,20.08154296875,34.51513671875,63.21838052480011
PWY-5677:_succinate_fermentation_to_butanoate,PWY-5004:_superpathway_of_L-citrulline_metabolism,56.29345703125,0.0,3,7.476318359375,33.970947265625,20.7236328125,35.56982421875,63.18642715263382
AEROBACTINSYN-PWY:_aerobactin_biosynthesis,PWY-4984:_urea_cycle,69.4639404296875,5.321556039912808,30,48.8353271484375,2.313818359375,25.57457275390625,43.889367675781244,63.18295133315501
PWY-5656:_mannosylglycerate_biosynthesis_I,GALACT-GLUCUROCAT-PWY:_superpathway_of_hexuronide_and_hexuronate_degradation,61.300537109375,0.2952566911551279,6,44.2950439453125,0.8509521484375,22.572998046875,38.7275390625,63.17650854086432
"PWY-7117:_C4_photosynthetic_carbon_assimilation_cycle,_PEPCK_type",PWY-822:_fructan_biosynthesis,86.4093017578125,5.527518820978356,18,56.509521484375,7.492960611979167,32.001241048177086,54.408060709635414,62.96551366903764
OANTIGEN-PWY:_O-antigen_building_blocks_biosynthesis_(E._coli),PWY-5899:_superpathway_of_menaquinol-13_biosynthesis,61.526448567708336,2.13032682776337,9,7.782307942708333,37.818522135416664,22.8004150390625,38.726033528645836,62.94209145848683
GLUCUROCAT-PWY:_superpathway_of_&beta;-D-glucuronosides_degradation,GLYCOGENSYNTH-PWY:_glycogen_biosynthesis_I_(from_ADP-D-Glucose),63.6429443359375,1.1768814034675215,6,30.1868896484375,17.057373046875,23.62213134765625,40.02081298828125,62.88334615229696
PWY-6328:_L-lysine_degradation_X,PWY-4984:_urea_cycle,58.1160888671875,0.19242499029539373,6,41.644775390625,1.5596923828125,21.60223388671875,36.51385498046875,62.829167778158194
PWY-6507:_4-deoxy-L-threo-hex-4-enopyranuronate_degradation,FAO-PWY:_fatty_acid_&beta;-oxidation_I_(generic),73.3607177734375,0.1271689824676288,6,7.419189453125,47.217041015625,27.318115234375,46.0426025390625,62.76193027616973
FUC-RHAMCAT-PWY:_superpathway_of_fucose_and_rhamnose_degradation,KDO-NAGLIPASYN-PWY:_superpathway_of_(Kdo)2-lipid_A_biosynthesis,67.6005859375,0.0,3,0.2177734375,50.186767578125,25.2022705078125,42.3983154296875,62.71885789405256
PWY0-845:_superpathway_of_pyridoxal_5'-phosphate_biosynthesis_and_salvage,AEROBACTINSYN-PWY:_aerobactin_biosynthesis,61.88037109375,2.3633907425161875,6,0.2576904296875,46.09765625,23.17767333984375,38.70269775390625,62.54438535165035
NAGLIPASYN-PWY:_lipid_IVA_biosynthesis_(E._coli),PWY-7858:_(5Z)-dodecenoate_biosynthesis_II,61.8507080078125,2.489266355317493,12,5.6246337890625,40.923095703125,23.27386474609375,38.57684326171875,62.370900033749045
PWY-5850:_superpathway_of_menaquinol-6_biosynthesis,NAGLIPASYN-PWY:_lipid_IVA_biosynthesis_(E._coli),79.479736328125,7.3910452144593615,6,54.665283203125,5.1751708984375,29.92022705078125,49.55950927734375,62.3548989553032
PWY-4041:_&gamma;-glutamyl_cycle,PWY-7208:_superpathway_of_pyrimidine_nucleobases_salvage,57.9976806640625,1.1937302907345264,6,41.7403564453125,2.001220703125,21.87078857421875,36.12689208984375,62.29023587874145
PWY-5104:_L-isoleucine_biosynthesis_IV,OANTIGEN-PWY:_O-antigen_building_blocks_biosynthesis_(E._coli),65.992431640625,1.2393292634174504,6,42.1585693359375,7.62158203125,24.89007568359375,41.10235595703125,62.28343907807846
KDO-NAGLIPASYN-PWY:_superpathway_of_(Kdo)2-lipid_A_biosynthesis,NAGLIPASYN-PWY:_lipid_IVA_biosynthesis_(E._coli),69.842529296875,13.86315746622939,6,48.072265625,4.618408203125,26.3453369140625,43.4971923828125,62.27894782836668
HEME-BIOSYNTHESIS-II:_heme_b_biosynthesis_I_(aerobic),NAGLIPASYN-PWY:_lipid_IVA_biosynthesis_(E._coli),98.22140842013889,7.041576477307225,27,68.91295030381944,5.458333333333333,37.185641818576386,61.0357666015625,62.141001216846725
PWY0-845:_superpathway_of_pyridoxal_5'-phosphate_biosynthesis_and_salvage,PWY-5920:_superpathway_of_heme_b_biosynthesis_from_glycine,89.46907552083333,2.727104409150723,9,0.12027994791666667,67.63753255208333,33.87890625,55.59016927083333,62.13338960665674
PWY-5392:_reductive_TCA_cycle_II,PWY-5130:_2-oxobutanoate_degradation_I,65.93896484375,4.834666092037886,24,48.762939453125,1.29150390625,25.0272216796875,40.9117431640625,62.04486719045045
PPGPPMET-PWY:_ppGpp_metabolism,PWY-5130:_2-oxobutanoate_degradation_I,58.6669921875,0.0,3,39.088623046875,5.552978515625,22.32080078125,36.34619140625,61.95339159384103
GALACT-GLUCUROCAT-PWY:_superpathway_of_hexuronide_and_hexuronate_degradation,TCA:_TCA_cycle_I_(prokaryotic),75.0099609375,2.996899170524496,15,0.923046875,56.251806640625,28.587426757812498,46.4225341796875,61.88849267415005
PWY-5656:_mannosylglycerate_biosynthesis_I,PWY-6572:_chondroitin_sulfate_degradation_I_(bacterial),57.3740234375,0.0,3,43.314697265625,0.541259765625,21.927978515625,35.446044921875,61.78065054211843
AEROBACTINSYN-PWY:_aerobactin_biosynthesis,NAGLIPASYN-PWY:_lipid_IVA_biosynthesis_(E._coli),72.09716796875,0.0,3,50.11767578125,5.0322265625,27.574951171875,44.522216796875,61.753073041888186
OANTIGEN-PWY:_O-antigen_building_blocks_biosynthesis_(E._coli),GALACTARDEG-PWY:_D-galactarate_degradation_I,62.5986328125,0.0,3,8.175537109375,39.732421875,23.9539794921875,38.6446533203125,61.73402131011997
PWY0-845:_superpathway_of_pyridoxal_5'-phosphate_biosynthesis_and_salvage,KETOGLUCONMET-PWY:_ketogluconate_metabolism,74.85968017578125,5.829477564871683,24,0.166473388671875,57.1712646484375,28.668869018554688,46.19081115722656,61.70319062112465
OANTIGEN-PWY:_O-antigen_building_blocks_biosynthesis_(E._coli),PWY-5898:_superpathway_of_menaquinol-12_biosynthesis,57.99664306640625,1.667079933588805,12,8.68182373046875,35.75408935546875,22.21795654296875,35.7786865234375,61.69096111730268
PWY0-845:_superpathway_of_pyridoxal_5'-phosphate_biosynthesis_and_salvage,PWY0-166:_superpathway_of_pyrimidine_deoxyribonucleotides_de_novo_biosynthesis_(E._coli),64.395751953125,0.0,3,0.05810546875,49.41259765625,24.7353515625,39.660400390625,61.58853524918014
PWY-6507:_4-deoxy-L-threo-hex-4-enopyranuronate_degradation,PWY-7874:_L-threonate_degradation,60.079764229910715,4.0752414806924495,21,9.139299665178571,37.20595005580357,23.17262486049107,36.907139369419646,61.430233361410934
GALACT-GLUCUROCAT-PWY:_superpathway_of_hexuronide_and_hexuronate_degradation,PWY-6708:_ubiquinol-8_biosynthesis_(early_decarboxylation),73.078369140625,0.0,3,0.4365234375,55.94775390625,28.192138671875,44.88623046875,61.422047312488935
PWY-5850:_superpathway_of_menaquinol-6_biosynthesis,PWY-6507:_4-deoxy-L-threo-hex-4-enopyranuronate_degradation,72.781005859375,0.0,3,47.181884765625,8.9873046875,28.0845947265625,44.6964111328125,61.41219210294152
PWY-5723:_Rubisco_shunt,NAGLIPASYN-PWY:_lipid_IVA_biosynthesis_(E._coli),67.72491455078125,3.944099705626109,12,46.76068115234375,5.5712890625,26.165985107421875,41.558929443359375,61.3643143280717
CARNMET-PWY:_L-carnitine_degradation_I,NAGLIPASYN-PWY:_lipid_IVA_biosynthesis_(E._coli),78.87158203125,0.0,3,56.06396484375,5.0322265625,30.548095703125,48.323486328125,61.268564777841746
TRNA-CHARGING-PWY:_tRNA_charging,PWY-6350:_archaetidylinositol_biosynthesis,72.6412353515625,5.302787519157038,24,26.963348388671875,29.552276611328125,28.2578125,44.3834228515625,61.09948796542296
PWY-6285:_superpathway_of_fatty_acids_biosynthesis_(E._coli),PWY-6387:_UDP-N-acetylmuramoyl-pentapeptide_biosynthesis_I_(meso-diaminopimelate_containing),61.256103515625,0.0,3,28.65625,19.107666015625,23.8819580078125,37.3741455078125,61.01293318188159
PWY-5656:_mannosylglycerate_biosynthesis_I,NAGLIPASYN-PWY:_lipid_IVA_biosynthesis_(E._coli),63.4803466796875,6.209331244550881,12,44.0152587890625,5.50823974609375,24.761749267578125,38.718597412109375,60.99304656837765
PWY-5861:_superpathway_of_demethylmenaquinol-8_biosynthesis_I,GALACT-GLUCUROCAT-PWY:_superpathway_of_hexuronide_and_hexuronate_degradation,58.421875,0.0,3,44.040283203125,1.620361328125,22.830322265625,35.591552734375,60.92162008558438
MET-SAM-PWY:_superpathway_of_S-adenosyl-L-methionine_biosynthesis,NAGLIPASYN-PWY:_lipid_IVA_biosynthesis_(E._coli),70.8359375,4.2619661505870745,6,50.158447265625,5.271728515625,27.715087890625,43.120849609375,60.87425554207566
PWY0-845:_superpathway_of_pyridoxal_5'-phosphate_biosynthesis_and_salvage,ECASYN-PWY:_enterobacterial_common_antigen_biosynthesis,62.406982421875,0.0,3,0.27587890625,48.683837890625,24.4798583984375,37.9271240234375,60.773847014502046
PWY0-1338:_polymyxin_resistance,GALACTUROCAT-PWY:_D-galacturonate_degradation_I,74.50830078125,0.0,3,40.826904296875,17.642578125,29.2347412109375,45.2735595703125,60.76310839946787
PWY-5692:_allantoin_degradation_to_glyoxylate_II,NAGLIPASYN-PWY:_lipid_IVA_biosynthesis_(E._coli),83.620361328125,0.0,3,60.748779296875,5.0322265625,32.8905029296875,50.7298583984375,60.66687298727916
KETOGLUCONMET-PWY:_ketogluconate_metabolism,GALACT-GLUCUROCAT-PWY:_superpathway_of_hexuronide_and_hexuronate_degradation,76.2705078125,3.215087611215163,15,59.343115234375,0.8173828125,30.0802490234375,46.1902587890625,60.56110037003367
PWY-6708:_ubiquinol-8_biosynthesis_(early_decarboxylation),PWY-4984:_urea_cycle,67.30245535714286,2.986111702107498,21,51.123291015625,2.001185825892857,26.562238420758927,40.74021693638393,60.53303214599606
POLYAMINSYN3-PWY:_superpathway_of_polyamine_biosynthesis_II,PWY-7942:_5-oxo-L-proline_metabolism,60.38427734375,0.0,3,23.114501953125,24.550048828125,23.832275390625,36.552001953125,60.53231662448349
PWY0-845:_superpathway_of_pyridoxal_5'-phosphate_biosynthesis_and_salvage,PWY-5392:_reductive_TCA_cycle_II,62.55126953125,3.6634294886258623,6,0.1669921875,49.2718505859375,24.71942138671875,37.83184814453125,60.481343429218214
PWY-7560:_methylerythritol_phosphate_pathway_II,PWY-7805:_(aminomethyl)phosphonate_degradation,64.20947265625,0.0,3,5.538818359375,45.212890625,25.3758544921875,38.8336181640625,60.47957810206766
NAGLIPASYN-PWY:_lipid_IVA_biosynthesis_(E._coli),PWY4LZ-257:_superpathway_of_fermentation_(Chlamydomonas_reinhardtii),87.36027018229167,8.951467471285026,9,5.19189453125,63.978759765625,34.5853271484375,52.77494303385417,60.410691180018695
PWY-5918:_superpathway_of_heme_b_biosynthesis_from_glutamate,PWY-7323:_superpathway_of_GDP-mannose-derived_O-antigen_building_blocks_biosynthesis,114.938720703125,0.0,3,87.07958984375,4.02734375,45.553466796875,69.38525390625,60.367170855733676
PWY-6507:_4-deoxy-L-threo-hex-4-enopyranuronate_degradation,PWY0-461:_L-lysine_degradation_I,74.712646484375,0.0,3,8.9873046875,50.2509765625,29.619140625,45.093505859375,60.355920960189266
GLYCOL-GLYOXDEG-PWY:_superpathway_of_glycol_metabolism_and_degradation,GALACT-GLUCUROCAT-PWY:_superpathway_of_hexuronide_and_hexuronate_degradation,79.411865234375,3.8342202706063198,18,62.2125244140625,0.7849934895833334,31.498758951822918,47.91310628255208,60.334946347302186
PWY-7560:_methylerythritol_phosphate_pathway_II,PWY-5692:_allantoin_degradation_to_glyoxylate_II,62.545654296875,0.0,3,5.538818359375,44.133056640625,24.8359375,37.709716796875,60.29150581411235
PWY-7560:_methylerythritol_phosphate_pathway_II,URDEGR-PWY:_superpathway_of_allantoin_degradation_in_plants,62.545654296875,0.0,3,5.538818359375,44.133056640625,24.8359375,37.709716796875,60.29150581411235
PWY-7805:_(aminomethyl)phosphonate_degradation,NAGLIPASYN-PWY:_lipid_IVA_biosynthesis_(E._coli),66.843603515625,7.107767430460195,15,47.8892578125,5.21796875,26.553613281249998,40.28999023437501,60.27501229037875
GLUCUROCAT-PWY:_superpathway_of_&beta;-D-glucuronosides_degradation,PWY-6121:_5-aminoimidazole_ribonucleotide_biosynthesis_I,57.123291015625,0.0,3,29.08935546875,16.483642578125,22.7864990234375,34.3367919921875,60.109968073785026
PWY-6901:_superpathway_of_glucose_and_xylose_degradation,PWY0-1533:_methylphosphonate_degradation_I,67.05126953125,0.0,3,2.981689453125,50.625732421875,26.8037109375,40.24755859375,60.025050793396495
OANTIGEN-PWY:_O-antigen_building_blocks_biosynthesis_(E._coli),"PWY-5837:_2-carboxy-1,4-naphthoquinol_biosynthesis",61.844807942708336,5.1870878165343575,18,7.486735026041667,42.003336588541664,24.745035807291664,37.09977213541667,59.98849922823769
REDCITCYC:_TCA_cycle_VI_(Helicobacter),GALACT-GLUCUROCAT-PWY:_superpathway_of_hexuronide_and_hexuronate_degradation,96.2060546875,0.0,3,76.043212890625,0.999267578125,38.521240234375,57.684814453125,59.95965081459676
DARABCATK12-PWY:_D-arabinose_degradation_I,GALACTUROCAT-PWY:_D-galacturonate_degradation_I,62.312418619791664,6.351765669263036,9,43.97607421875,5.955240885416667,24.965657552083332,37.34676106770833,59.93469984785064
"GLYCOLYSIS-TCA-GLYOX-BYPASS:_superpathway_of_glycolysis,_pyruvate_dehydrogenase,_TCA,_and_glyoxylate_bypass",NAGLIPASYN-PWY:_lipid_IVA_biosynthesis_(E._coli),64.53526088169643,4.75783308026066,21,46.485909598214285,5.275913783482143,25.880911690848215,38.654349190848215,59.89647932423778
TRNA-CHARGING-PWY:_tRNA_charging,PWY-5209:_methyl-coenzyme_M_oxidation_to_CO2,53.866943359375,0.0,3,19.287109375,23.921142578125,21.6041259765625,32.2628173828125,59.89353650079995
PWY-5896:_superpathway_of_menaquinol-10_biosynthesis,GALACTUROCAT-PWY:_D-galacturonate_degradation_I,73.1468505859375,1.5157312473928364,6,49.9332275390625,8.894287109375,29.41375732421875,43.73309326171875,59.788074143176374
PWY-5920:_superpathway_of_heme_b_biosynthesis_from_glycine,GALACTUROCAT-PWY:_D-galacturonate_degradation_I,67.30859375,0.0,3,53.86083984375,0.29736328125,27.0791015625,40.2294921875,59.768730775927104
PWY-8190:_L-glutamate_degradation_XI_(reductive_Stickland_reaction),PWY-5130:_2-oxobutanoate_degradation_I,71.01359049479167,3.101548079546019,9,56.660888671875,0.522216796875,28.591552734375,42.42203776041667,59.73791420042057
PWY0-162:_superpathway_of_pyrimidine_ribonucleotides_de_novo_biosynthesis,PWY-6284:_superpathway_of_unsaturated_fatty_acids_biosynthesis_(E._coli),61.601399739583336,2.5878380334656508,9,12.965250651041666,36.860432942708336,24.912841796875,36.688557942708336,59.5579939706034
PWY-7204:_pyridoxal_5'-phosphate_salvage_II_(plants),NAGLIPASYN-PWY:_lipid_IVA_biosynthesis_(E._coli),102.7138671875,0.0,3,78.2783203125,5.0322265625,41.6552734375,61.05859375,59.44532653856759
PWY-8190:_L-glutamate_degradation_XI_(reductive_Stickland_reaction),GALACT-GLUCUROCAT-PWY:_superpathway_of_hexuronide_and_hexuronate_degradation,73.947998046875,1.362085442077055,6,58.8868408203125,1.110595703125,29.99871826171875,43.94927978515625,59.43268370469905
PWY-6708:_ubiquinol-8_biosynthesis_(early_decarboxylation),PWY-5130:_2-oxobutanoate_degradation_I,74.1619873046875,7.214131898155813,6,57.213623046875,3.015869140625,30.11474609375,44.0472412109375,59.39328598352358
PWY-6270:_isoprene_biosynthesis_I,PWY-5840:_superpathway_of_menaquinol-7_biosynthesis,67.67578125,1.848831074234966,6,10.46826171875,44.5821533203125,27.52520751953125,40.15057373046875,59.32783189033189
NAGLIPASYN-PWY:_lipid_IVA_biosynthesis_(E._coli),PWY-7094:_fatty_acid_salvage,78.97607421875,8.54051374578612,6,5.1751708984375,59.07177734375,32.12347412109375,46.85260009765625,59.32505579839622
TCA:_TCA_cycle_I_(prokaryotic),NAGLIPASYN-PWY:_lipid_IVA_biosynthesis_(E._coli),72.84564208984375,6.129124477233825,12,53.90716552734375,5.50823974609375,29.70770263671875,43.137939453125,59.218284327731055
PWY-6507:_4-deoxy-L-threo-hex-4-enopyranuronate_degradation,PWY-5692:_allantoin_degradation_to_glyoxylate_II,68.33793131510417,4.243388123943201,18,10.159993489583334,45.692057291666664,27.926025390625,40.41190592447917,59.135395448453174
PWY-5659:_GDP-mannose_biosynthesis,COMPLETE-ARO-PWY:_superpathway_of_aromatic_amino_acid_biosynthesis,75.9140625,0.0,3,1.334716796875,60.72021484375,31.0274658203125,44.8865966796875,59.12817098898837
NAGLIPASYN-PWY:_lipid_IVA_biosynthesis_(E._coli),PWY0-461:_L-lysine_degradation_I,93.29736328125,0.0,3,5.0322265625,71.2998046875,38.166015625,55.13134765625,59.092074756768355
P161-PWY:_acetylene_degradation_(anaerobic),GALACT-GLUCUROCAT-PWY:_superpathway_of_hexuronide_and_hexuronate_degradation,93.172607421875,0.0,3,75.386474609375,0.999267578125,38.19287109375,54.979736328125,59.00847668583856
PWY-6507:_4-deoxy-L-threo-hex-4-enopyranuronate_degradation,CARNMET-PWY:_L-carnitine_degradation_I,70.76643880208333,2.4696186927536843,9,9.398193359375,48.781087239583336,29.089640299479168,41.67679850260416,58.893451766259034
PWY-5861:_superpathway_of_demethylmenaquinol-8_biosynthesis_I,OANTIGEN-PWY:_O-antigen_building_blocks_biosynthesis_(E._coli),61.670131138392854,2.628757472920684,21,42.577950613839285,8.352852957589286,25.465401785714285,36.20472935267857,58.70707372331052
OANTIGEN-PWY:_O-antigen_building_blocks_biosynthesis_(E._coli),VALSYN-PWY:_L-valine_biosynthesis,90.209228515625,0.0,3,12.9912109375,61.886474609375,37.4388427734375,52.7703857421875,58.49776858810761
PWY-7560:_methylerythritol_phosphate_pathway_II,CARNMET-PWY:_L-carnitine_degradation_I,62.462890625,0.0,3,5.538818359375,46.37890625,25.9588623046875,36.5040283203125,58.44114474219067
"PWY0-301:_L-ascorbate_degradation_I_(bacterial,_anaerobic)",PWY-7221:_guanosine_ribonucleotides_de_novo_biosynthesis,80.971435546875,0.0,3,54.030029296875,13.38330078125,33.7066650390625,47.2647705078125,58.37215332615728
PWY-6507:_4-deoxy-L-threo-hex-4-enopyranuronate_degradation,PWY-6708:_ubiquinol-8_biosynthesis_(early_decarboxylation),65.730224609375,0.0,3,8.9873046875,45.762939453125,27.3751220703125,38.3551025390625,58.35230712659389
PWY-6507:_4-deoxy-L-threo-hex-4-enopyranuronate_degradation,PWY-7094:_fatty_acid_salvage,58.30517578125,0.0,3,10.21923828125,38.40625,24.312744140625,33.992431640625,58.30088184307716
PWY-5896:_superpathway_of_menaquinol-10_biosynthesis,PWY-8073:_lipid_IVA_biosynthesis_(P._putida),61.42236328125,1.6546677066818662,6,48.45947265625,2.797119140625,25.6282958984375,35.7940673828125,58.27530148736416
PWY-6507:_4-deoxy-L-threo-hex-4-enopyranuronate_degradation,PWY0-1337:_oleate_&beta;-oxidation,58.958984375,0.6343739777354753,6,10.1231689453125,39.232666015625,24.67791748046875,34.28106689453125,58.1439237088813
PWY-1042:_glycolysis_IV,GALACTUROCAT-PWY:_D-galacturonate_degradation_I,64.95361328125,0.0,3,54.0263671875,0.40478515625,27.215576171875,37.738037109375,58.09998120654012
METH-ACETATE-PWY:_methanogenesis_from_acetate,PPGPPMET-PWY:_ppGpp_metabolism,62.908447265625,1.0847653436711913,9,7.032307942708333,45.807698567708336,26.420003255208336,36.488444010416664,58.002455308343
GLYCOCAT-PWY:_glycogen_degradation_I,LIPASYN-PWY:_phospholipases,59.163818359375,0.0,3,6.423095703125,43.283447265625,24.853271484375,34.310546875,57.99244847009305
PWY-1042:_glycolysis_IV,PWY-6507:_4-deoxy-L-threo-hex-4-enopyranuronate_degradation,58.94140625,0.0,3,40.567626953125,8.9873046875,24.7774658203125,34.1639404296875,57.96254721982902
PWY-2941:_L-lysine_biosynthesis_II,HISTSYN-PWY:_L-histidine_biosynthesis,77.1336669921875,9.09799796019995,6,43.4200439453125,21.574951171875,32.49749755859375,44.63616943359375,57.868595094946976
GALACT-GLUCUROCAT-PWY:_superpathway_of_hexuronide_and_hexuronate_degradation,NAD-BIOSYNTHESIS-II:_NAD_salvage_pathway_III_(to_nicotinamide_riboside),79.62138671875,4.010610512300819,30,0.8221435546875,66.4905029296875,33.6563232421875,45.965063476562506,57.72954399667371
GALACT-GLUCUROCAT-PWY:_superpathway_of_hexuronide_and_hexuronate_degradation,PWY-5347:_superpathway_of_L-methionine_biosynthesis_(transsulfuration),63.11328125,0.0,3,0.527099609375,52.89501953125,26.7110595703125,36.4022216796875,57.67759330321223
PWY0-1533:_methylphosphonate_degradation_I,PWY-5130:_2-oxobutanoate_degradation_I,67.405517578125,0.0,3,51.687744140625,5.552978515625,28.620361328125,38.78515625,57.54003180087869
HEME-BIOSYNTHESIS-II-1:_heme_b_biosynthesis_V_(aerobic),NAGLIPASYN-PWY:_lipid_IVA_biosynthesis_(E._coli),71.86812337239583,5.1920565271045795,18,55.983968098958336,5.079020182291667,30.531494140625,41.33662923177083,57.5173349352378
PWY-7242:_D-fructuronate_degradation,URDEGR-PWY:_superpathway_of_allantoin_degradation_in_plants,67.0517578125,0.0,3,10.11181640625,46.8759765625,28.493896484375,38.557861328125,57.50462416801386
PWY-7560:_methylerythritol_phosphate_pathway_II,"GLYCOLYSIS-TCA-GLYOX-BYPASS:_superpathway_of_glycolysis,_pyruvate_dehydrogenase,_TCA,_and_glyoxylate_bypass",60.476806640625,0.0,3,5.538818359375,46.0341796875,25.7864990234375,34.6903076171875,57.36134155252247
PWY-5392:_reductive_TCA_cycle_II,FERMENTATION-PWY:_mixed_acid_fermentation,62.815673828125,1.7217958130948536,6,47.0833740234375,6.5062255859375,26.7947998046875,36.0208740234375,57.343767611244765
PWY-8190:_L-glutamate_degradation_XI_(reductive_Stickland_reaction),PWY-6572:_chondroitin_sulfate_degradation_I_(bacterial),66.935302734375,0.10965148856304595,6,57.4105224609375,0.32177734375,28.86614990234375,38.06915283203125,56.8745509124001
HEME-BIOSYNTHESIS-II-1:_heme_b_biosynthesis_V_(aerobic),PWY-8073:_lipid_IVA_biosynthesis_(P._putida),62.489013671875,0.0,3,51.27734375,2.62158203125,26.949462890625,35.53955078125,56.87327850598738
PWY-5677:_succinate_fermentation_to_butanoate,PWY-6167:_flavin_biosynthesis_II_(archaea),68.406494140625,9.385097650376608,6,9.6180419921875,49.4154052734375,29.5167236328125,38.8897705078125,56.85099199480358
PWY-5104:_L-isoleucine_biosynthesis_IV,PWY-7323:_superpathway_of_GDP-mannose-derived_O-antigen_building_blocks_biosynthesis,72.43792724609375,2.3494137898992884,12,44.7039794921875,17.8533935546875,31.2786865234375,41.15924072265625,56.82001444191762
PWY-5896:_superpathway_of_menaquinol-10_biosynthesis,NAGLIPASYN-PWY:_lipid_IVA_biosynthesis_(E._coli),64.26942661830357,4.968740623136243,21,49.92759486607143,5.608084542410714,27.767839704241073,36.5015869140625,56.79463601075142
PWY0-461:_L-lysine_degradation_I,PWY-5130:_2-oxobutanoate_degradation_I,72.1014404296875,2.678037026161124,6,56.849609375,5.492919921875,31.1712646484375,40.93017578125,56.767486942462185
GLYCOL-GLYOXDEG-PWY:_superpathway_of_glycol_metabolism_and_degradation,GALACTUROCAT-PWY:_D-galacturonate_degradation_I,74.55403645833333,5.675614268556683,9,58.603352864583336,5.955240885416667,32.279296875,42.27473958333333,56.703488625944196
UBISYN-PWY:_superpathway_of_ubiquinol-8_biosynthesis_(early_decarboxylation),PWY-5130:_2-oxobutanoate_degradation_I,62.1572265625,0.0,3,48.41259765625,5.432861328125,26.9227294921875,35.2344970703125,56.68608304922308
OANTIGEN-PWY:_O-antigen_building_blocks_biosynthesis_(E._coli),PWY-6897:_thiamine_diphosphate_salvage_II,59.461669921875,0.0,3,7.306884765625,44.24169921875,25.7742919921875,33.6873779296875,56.653938535443736
PWY-6507:_4-deoxy-L-threo-hex-4-enopyranuronate_degradation,TCA:_TCA_cycle_I_(prokaryotic),74.840576171875,0.0,3,9.805908203125,55.08349609375,32.4447021484375,42.3958740234375,56.64824643529377
OANTIGEN-PWY:_O-antigen_building_blocks_biosynthesis_(E._coli),PWY4LZ-257:_superpathway_of_fermentation_(Chlamydomonas_reinhardtii),82.178955078125,0.0,3,7.047119140625,64.2978515625,35.6724853515625,46.5064697265625,56.591702440546044
HEME-BIOSYNTHESIS-II-1:_heme_b_biosynthesis_V_(aerobic),OANTIGEN-PWY:_O-antigen_building_blocks_biosynthesis_(E._coli),73.6207275390625,4.347028842664602,12,56.054443359375,7.886474609375,31.970458984375,41.6502685546875,56.5741061613229
PWY-6507:_4-deoxy-L-threo-hex-4-enopyranuronate_degradation,PWY0-166:_superpathway_of_pyrimidine_deoxyribonucleotides_de_novo_biosynthesis_(E._coli),66.042236328125,0.0,3,6.061767578125,51.407958984375,28.73486328125,37.307373046875,56.490172230868474
MET-SAM-PWY:_superpathway_of_S-adenosyl-L-methionine_biosynthesis,PWY-6507:_4-deoxy-L-threo-hex-4-enopyranuronate_degradation,74.5023193359375,0.6517678939393394,12,56.2255859375,8.77117919921875,32.498382568359375,42.003936767578125,56.37936797400721
P441-PWY:_superpathway_of_N-acetylneuraminate_degradation,GALACT-GLUCUROCAT-PWY:_superpathway_of_hexuronide_and_hexuronate_degradation,112.864501953125,9.623085654451383,9,98.03279622395833,0.55126953125,49.292032877604164,63.572469075520836,56.32636300643388
PWY-6507:_4-deoxy-L-threo-hex-4-enopyranuronate_degradation,UBISYN-PWY:_superpathway_of_ubiquinol-8_biosynthesis_(early_decarboxylation),62.9090576171875,2.9773053571417294,6,7.5245361328125,47.4754638671875,27.5,35.4090576171875,56.28610403394968
PWY-5677:_succinate_fermentation_to_butanoate,PWY-8113:_3PG-factor_420_biosynthesis,58.49267578125,0.0,3,10.993408203125,40.224609375,25.6090087890625,32.8836669921875,56.21843513393938
"PWY-7117:_C4_photosynthetic_carbon_assimilation_cycle,_PEPCK_type",P163-PWY:_L-lysine_fermentation_to_acetate_and_butanoate,73.749267578125,0.0,3,43.304931640625,21.284912109375,32.294921875,41.454345703125,56.20984053734644
PWY-5675:_nitrate_reduction_V_(assimilatory),PWY-6386:_UDP-N-acetylmuramoyl-pentapeptide_biosynthesis_II_(lysine-containing),92.335205078125,0.0,3,52.134765625,28.9638671875,40.54931640625,51.785888671875,56.0846630795468
PWY-4041:_&gamma;-glutamyl_cycle,PWY-6507:_4-deoxy-L-threo-hex-4-enopyranuronate_degradation,61.738850911458336,3.989471641191407,18,45.88427734375,9.130411783854166,27.507344563802082,34.23150634765625,55.445648635004154
PWY-7282:_4-amino-2-methyl-5-diphosphomethylpyrimidine_biosynthesis_II,PWY-8190:_L-glutamate_degradation_XI_(reductive_Stickland_reaction),81.261962890625,0.0,3,0.4482421875,71.98291015625,36.215576171875,45.04638671875,55.43354494079898
PWY-7221:_guanosine_ribonucleotides_de_novo_biosynthesis,P108-PWY:_pyruvate_fermentation_to_propanoate_I,58.676025390625,0.0,3,2.93017578125,49.379638671875,26.1549072265625,32.5211181640625,55.42488256073763
KETOGLUCONMET-PWY:_ketogluconate_metabolism,NAGLIPASYN-PWY:_lipid_IVA_biosynthesis_(E._coli),73.148193359375,0.0,3,59.02587890625,6.3388671875,32.682373046875,40.4658203125,55.320327753950906
PWY-5188:_tetrapyrrole_biosynthesis_I_(from_glutamate),PWY0-1297:_superpathway_of_purine_deoxyribonucleosides_degradation,84.45527787642045,5.508614642817679,33,10.704811789772727,64.91257546164773,37.808693625710234,46.64658425071022,55.23229030039547
PWY-6507:_4-deoxy-L-threo-hex-4-enopyranuronate_degradation,PWY-561:_superpathway_of_glyoxylate_cycle_and_fatty_acid_degradation,71.892822265625,0.0,3,10.21923828125,55.324951171875,32.7720947265625,39.1207275390625,54.415345379712235
PWY-5130:_2-oxobutanoate_degradation_I,PWY-5189:_tetrapyrrole_biosynthesis_II_(from_glycine),109.64697265625,0.3134427916972936,6,5.492919921875,94.5640869140625,50.02850341796875,59.61846923828125,54.3731101680197
PWY0-845:_superpathway_of_pyridoxal_5'-phosphate_biosynthesis_and_salvage,ORNDEG-PWY:_superpathway_of_ornithine_degradation,115.880615234375,0.0,3,0.27587890625,105.548828125,52.912353515625,62.96826171875,54.338908704784814
PWY-6270:_isoprene_biosynthesis_I,PWY-5899:_superpathway_of_menaquinol-13_biosynthesis,57.4423828125,0.0,3,11.39501953125,41.212890625,26.303955078125,31.138427734375,54.20810594855578
PWY-6507:_4-deoxy-L-threo-hex-4-enopyranuronate_degradation,GLYCOL-GLYOXDEG-PWY:_superpathway_of_glycol_metabolism_and_degradation,77.900390625,0.0,3,9.805908203125,61.77978515625,35.7928466796875,42.1075439453125,54.05305879403285
"PRPP-PWY:_superpathway_of_histidine,_purine,_and_pyrimidine_biosynthesis",POLYAMINSYN3-PWY:_superpathway_of_polyamine_biosynthesis_II,65.468994140625,0.0,3,38.83251953125,21.651611328125,30.2420654296875,35.2269287109375,53.80704129235795
PWY-5896:_superpathway_of_menaquinol-10_biosynthesis,PWY-6270:_isoprene_biosynthesis_I,65.162109375,0.0,3,48.964599609375,11.39501953125,30.1798095703125,34.9822998046875,53.6850328207895
METSYN-PWY:_superpathway_of_L-homoserine_and_L-methionine_biosynthesis,FUCCAT-PWY:_fucose_degradation,60.599560546875,5.043185551339307,15,53.81201171875,2.523388671875,28.1677001953125,32.4318603515625,53.518309471032865
UBISYN-PWY:_superpathway_of_ubiquinol-8_biosynthesis_(early_decarboxylation),GALACTUROCAT-PWY:_D-galacturonate_degradation_I,60.226318359375,0.0,3,55.94775390625,0.29736328125,28.12255859375,32.103759765625,53.30520051725466
P441-PWY:_superpathway_of_N-acetylneuraminate_degradation,PWY-6507:_4-deoxy-L-threo-hex-4-enopyranuronate_degradation,112.41779119318181,7.278711792450078,33,95.82080078125,9.186745383522727,52.50377308238636,59.91401811079545,53.29585066107335
PWY-6270:_isoprene_biosynthesis_I,PWY-6708:_ubiquinol-8_biosynthesis_(early_decarboxylation),63.347412109375,1.8819939634589127,6,10.46826171875,49.0098876953125,29.73907470703125,33.60833740234375,53.054002181361305
PWY-6167:_flavin_biosynthesis_II_(archaea),PWY-7238:_sucrose_biosynthesis_II,59.943400065104164,1.8826636347952914,18,44.518269856770836,11.973836263020834,28.246053059895836,31.69734700520833,52.87879394692665
GALACTUROCAT-PWY:_D-galacturonate_degradation_I,PWY-5840:_superpathway_of_menaquinol-7_biosynthesis,64.33642578125,0.0,3,17.642578125,43.023193359375,30.3328857421875,34.0035400390625,52.85270300012902
GLYCOL-GLYOXDEG-PWY:_superpathway_of_glycol_metabolism_and_degradation,NAGLIPASYN-PWY:_lipid_IVA_biosynthesis_(E._coli),77.697998046875,8.057512310798653,6,67.6141357421875,5.870849609375,36.74249267578125,40.95550537109375,52.7111462336332
PWY-5860:_superpathway_of_demethylmenaquinol-6_biosynthesis_I,OANTIGEN-PWY:_O-antigen_building_blocks_biosynthesis_(E._coli),65.3603515625,0.0,3,48.9990234375,12.9912109375,30.9951171875,34.365234375,52.578105156210306
PWY-6507:_4-deoxy-L-threo-hex-4-enopyranuronate_degradation,NAD-BIOSYNTHESIS-II:_NAD_salvage_pathway_III_(to_nicotinamide_riboside),75.396484375,0.0,3,8.9873046875,62.759033203125,35.8731689453125,39.5233154296875,52.42063440665233
PWY-7560:_methylerythritol_phosphate_pathway_II,"PWY-7385:_1,3-propanediol_biosynthesis_(engineered)",60.025146484375,0.0,3,5.538818359375,51.88623046875,28.7125244140625,31.3126220703125,52.165840325709844
PWY-7242:_D-fructuronate_degradation,UBISYN-PWY:_superpathway_of_ubiquinol-8_biosynthesis_(early_decarboxylation),66.995849609375,0.0,3,11.566162109375,53.55126953125,32.5587158203125,34.4371337890625,51.40189129602973
PWY-6507:_4-deoxy-L-threo-hex-4-enopyranuronate_degradation,PWY0-1297:_superpathway_of_purine_deoxyribonucleosides_degradation,73.892333984375,0.0,3,8.9873046875,63.34912109375,36.168212890625,37.72412109375,51.05282112448499
PWY-5656:_mannosylglycerate_biosynthesis_I,PWY-7323:_superpathway_of_GDP-mannose-derived_O-antigen_building_blocks_biosynthesis,63.2010498046875,2.334105771790204,6,45.8990478515625,16.1126708984375,31.005859375,32.1951904296875,50.94091083800264
METH-ACETATE-PWY:_methanogenesis_from_acetate,PWY0-1477:_ethanolamine_utilization,66.81298828125,0.0,3,25.036865234375,40.602783203125,32.81982421875,33.9931640625,50.87807765670562
PWY-6507:_4-deoxy-L-threo-hex-4-enopyranuronate_degradation,HEME-BIOSYNTHESIS-II-1:_heme_b_biosynthesis_V_(aerobic),64.40087890625,0.0,3,8.776611328125,55.14599609375,31.9613037109375,32.4395751953125,50.37132372453428
PWY-6387:_UDP-N-acetylmuramoyl-pentapeptide_biosynthesis_I_(meso-diaminopimelate_containing),P108-PWY:_pyruvate_fermentation_to_propanoate_I,64.8134765625,0.0,3,22.647216796875,42.670166015625,32.65869140625,32.15478515625,49.611264295077525
P161-PWY:_acetylene_degradation_(anaerobic),PWY-5130:_2-oxobutanoate_degradation_I,82.775390625,0.0,3,78.10302734375,5.552978515625,41.8280029296875,40.9473876953125,49.46806941789953
OANTIGEN-PWY:_O-antigen_building_blocks_biosynthesis_(E._coli),"GLYCOLYSIS-TCA-GLYOX-BYPASS:_superpathway_of_glycolysis,_pyruvate_dehydrogenase,_TCA,_and_glyoxylate_bypass",54.05322265625,0.0,3,12.9912109375,41.972412109375,27.4818115234375,26.5714111328125,49.1578666859378
ORNDEG-PWY:_superpathway_of_ornithine_degradation,FUCCAT-PWY:_fucose_degradation,88.347900390625,8.371504207059115,9,87.55615234375,2.407470703125,44.9818115234375,43.3660888671875,49.08559080119269
PWY-7242:_D-fructuronate_degradation,PWY-7807:_glyphosate_degradation_III,64.306884765625,0.0,3,11.566162109375,54.04052734375,32.8033447265625,31.5035400390625,48.989373616652934
OANTIGEN-PWY:_O-antigen_building_blocks_biosynthesis_(E._coli),HEME-BIOSYNTHESIS-II:_heme_b_biosynthesis_I_(aerobic),83.88330078125,0.0,3,12.9912109375,72.649169921875,42.8201904296875,41.0631103515625,48.95266396186108
PWY-6386:_UDP-N-acetylmuramoyl-pentapeptide_biosynthesis_II_(lysine-containing),HEMESYN2-PWY:_heme_b_biosynthesis_II_(oxygen-independent),72.22403971354167,2.3372410068489926,9,28.133951822916668,45.70166015625,36.917805989583336,35.306233723958336,48.884324200074595
POLYAMINSYN3-PWY:_superpathway_of_polyamine_biosynthesis_II,ECASYN-PWY:_enterobacterial_common_antigen_biosynthesis,63.8828125,0.0,3,23.114501953125,42.327392578125,32.720947265625,31.161865234375,48.77973278708573
PWY-7323:_superpathway_of_GDP-mannose-derived_O-antigen_building_blocks_biosynthesis,COMPLETE-ARO-PWY:_superpathway_of_aromatic_amino_acid_biosynthesis,69.184814453125,0.0,3,15.678955078125,55.4599609375,35.5694580078125,33.6153564453125,48.587766999198955
GLUCUROCAT-PWY:_superpathway_of_&beta;-D-glucuronosides_degradation,DENOVOPURINE2-PWY:_superpathway_of_purine_nucleotides_de_novo_biosynthesis_II,56.5361328125,0.0,3,26.4111328125,31.876220703125,29.1436767578125,27.3924560546875,48.45123762803793
PWY-6387:_UDP-N-acetylmuramoyl-pentapeptide_biosynthesis_I_(meso-diaminopimelate_containing),PWY-5347:_superpathway_of_L-methionine_biosynthesis_(transsulfuration),66.026123046875,0.0,3,22.647216796875,45.74560546875,34.1964111328125,31.8297119140625,48.207755423508836
P163-PWY:_L-lysine_fermentation_to_acetate_and_butanoate,ORNDEG-PWY:_superpathway_of_ornithine_degradation,84.5389404296875,21.484871970653696,6,42.2615966796875,46.44580078125,44.35369873046875,40.18524169921875,47.53459351982477
PWY-5860:_superpathway_of_demethylmenaquinol-6_biosynthesis_I,PWY-2941:_L-lysine_biosynthesis_II,59.51025390625,0.0,3,17.267333984375,45.704345703125,31.48583984375,28.0244140625,47.09174003298408
GALACT-GLUCUROCAT-PWY:_superpathway_of_hexuronide_and_hexuronate_degradation,ORNDEG-PWY:_superpathway_of_ornithine_degradation,88.28059895833333,8.511754478715522,18,0.6826578776041666,93.70450846354167,47.19358317057292,41.08701578776041,46.54138765772608
OANTIGEN-PWY:_O-antigen_building_blocks_biosynthesis_(E._coli),PWY-7204:_pyridoxal_5'-phosphate_salvage_II_(plants),64.932373046875,0.0,3,8.175537109375,62.124755859375,35.150146484375,29.7822265625,45.86653030684719
AEROBACTINSYN-PWY:_aerobactin_biosynthesis,P42-PWY:_incomplete_reductive_TCA_cycle,66.099609375,0.0,3,54.1689453125,17.693359375,35.93115234375,30.16845703125,45.64090062937683
PWY-7560:_methylerythritol_phosphate_pathway_II,PWY-7204:_pyridoxal_5'-phosphate_salvage_II_(plants),66.7440185546875,2.094744595536725,6,6.00146484375,66.64111328125,36.3212890625,30.4227294921875,45.58120735157755
ARGININE-SYN4-PWY:_L-ornithine_biosynthesis_II,PWY-2941:_L-lysine_biosynthesis_II,58.77294921875,0.0,3,21.701904296875,42.302490234375,32.002197265625,26.770751953125,45.54944461521846
PWY-6387:_UDP-N-acetylmuramoyl-pentapeptide_biosynthesis_I_(meso-diaminopimelate_containing),PWY-561:_superpathway_of_glyoxylate_cycle_and_fatty_acid_degradation,69.539794921875,0.0,3,19.107666015625,56.783203125,37.9454345703125,31.5943603515625,45.433496585742624
PWY-8190:_L-glutamate_degradation_XI_(reductive_Stickland_reaction),PWY-7323:_superpathway_of_GDP-mannose-derived_O-antigen_building_blocks_biosynthesis,67.1298828125,3.5834817429211867,15,53.7173828125,19.785986328125,36.7516845703125,30.3781982421875,45.252869466548354
P163-PWY:_L-lysine_fermentation_to_acetate_and_butanoate,CARNMET-PWY:_L-carnitine_degradation_I,55.535888671875,0.0,3,22.892333984375,38.37890625,30.6356201171875,24.9002685546875,44.836355643477305
PWY-1042:_glycolysis_IV,POLYAMINSYN3-PWY:_superpathway_of_polyamine_biosynthesis_II,60.384552001953125,1.7818665056800058,24,42.367340087890625,24.55694580078125,33.46214294433594,26.922409057617188,44.584928040447146
PWY-6507:_4-deoxy-L-threo-hex-4-enopyranuronate_degradation,METSYN-PWY:_superpathway_of_L-homoserine_and_L-methionine_biosynthesis,59.887451171875,0.0,3,10.21923828125,56.681884765625,33.4505615234375,26.4368896484375,44.14428921438734
PWY-7198:_pyrimidine_deoxyribonucleotides_de_novo_biosynthesis_IV,HEMESYN2-PWY:_heme_b_biosynthesis_II_(oxygen-independent),64.90283203125,0.0,3,26.6796875,46.8291015625,36.75439453125,28.1484375,43.3701221026023
PWY-2941:_L-lysine_biosynthesis_II,PWY-5189:_tetrapyrrole_biosynthesis_II_(from_glycine),104.525390625,0.0,3,42.23681640625,78.5986328125,60.417724609375,44.107666015625,42.19803987517985
PWY0-1338:_polymyxin_resistance,PWY-2941:_L-lysine_biosynthesis_II,74.38330078125,0.0,3,44.8017578125,42.23681640625,43.519287109375,30.864013671875,41.49320257061646
PWY-2941:_L-lysine_biosynthesis_II,ORNDEG-PWY:_superpathway_of_ornithine_degradation,92.99267578125,0.0,3,15.851806640625,98.04296875,56.9473876953125,36.0452880859375,38.761426943696215
PWY-8190:_L-glutamate_degradation_XI_(reductive_Stickland_reaction),"PWY-7115:_C4_photosynthetic_carbon_assimilation_cycle,_NAD-ME_type",68.1630859375,0.0,3,55.24755859375,30.45263671875,42.85009765625,25.31298828125,37.13591885270562
P163-PWY:_L-lysine_fermentation_to_acetate_and_butanoate,PWY0-1415:_superpathway_of_heme_b_biosynthesis_from_uroporphyrinogen-III,78.229248046875,0.0,3,55.001708984375,46.139892578125,50.57080078125,27.658447265625,35.35563482478069
PWY-6124:_inosine-5'-phosphate_biosynthesis_II,PWY4LZ-257:_superpathway_of_fermentation_(Chlamydomonas_reinhardtii),66.168212890625,0.0,3,13.236328125,72.335693359375,42.7860107421875,23.3822021484375,35.33751498939212
ORNDEG-PWY:_superpathway_of_ornithine_degradation,PWY-6124:_inosine-5'-phosphate_biosynthesis_II,91.984619140625,0.0,3,106.11572265625,13.236328125,59.676025390625,32.30859375,35.12390881415403
GLYCOL-GLYOXDEG-PWY:_superpathway_of_glycol_metabolism_and_degradation,PWY-2941:_L-lysine_biosynthesis_II,79.453125,2.921008678257533,6,62.5853271484375,43.9705810546875,53.2779541015625,26.1751708984375,32.944167895771876
P163-PWY:_L-lysine_fermentation_to_acetate_and_butanoate,PWY-5675:_nitrate_reduction_V_(assimilatory),75.4500732421875,4.028087548761747,6,56.5675048828125,49.0909423828125,52.8292236328125,22.620849609375,29.981216236549223
PWY-5918:_superpathway_of_heme_b_biosynthesis_from_glutamate,GALACT-GLUCUROCAT-PWY:_superpathway_of_hexuronide_and_hexuronate_degradation,61.999853515625,3.446881653703074,15,86.6953125,0.758056640625,43.7266845703125,18.2731689453125,29.472922771837446
PWY-6507:_4-deoxy-L-threo-hex-4-enopyranuronate_degradation,PWY-5918:_superpathway_of_heme_b_biosynthesis_from_glutamate,64.482421875,6.919153841678024,24,9.78826904296875,82.24728393554688,46.01777648925781,18.464645385742188,28.63516110101469
"PRPP-PWY:_superpathway_of_histidine,_purine,_and_pyrimidine_biosynthesis",P163-PWY:_L-lysine_fermentation_to_acetate_and_butanoate,59.439697265625,0.0,3,32.799072265625,55.001708984375,43.900390625,15.539306640625,26.142977430020743
PWY-2941:_L-lysine_biosynthesis_II,TCA-GLYOX-BYPASS:_superpathway_of_glyoxylate_bypass_and_TCA,64.59773763020833,1.28564453125,9,42.658610026041664,53.565348307291664,48.111979166666664,16.485758463541664,25.52064370723767
PWY-7221:_guanosine_ribonucleotides_de_novo_biosynthesis,PWY-5189:_tetrapyrrole_biosynthesis_II_(from_glycine),60.587158203125,0.0,3,13.38330078125,78.383544921875,45.8834228515625,14.7037353515625,24.26873249652449
PWY-6507:_4-deoxy-L-threo-hex-4-enopyranuronate_degradation,PWY-5189:_tetrapyrrole_biosynthesis_II_(from_glycine),62.23712158203125,6.56264395911314,24,9.864990234375,90.6112060546875,50.23809814453125,11.9990234375,19.279528250169413
PWY-2941:_L-lysine_biosynthesis_II,PWY4LZ-257:_superpathway_of_fermentation_(Chlamydomonas_reinhardtii),66.15576171875,0.0,3,45.704345703125,72.90478515625,59.3045654296875,6.8511962890625,10.356159631551366
