base	contributing	base_IG_1D	contributing_IG_1D	IG_2D_added	total_IG
Akkermansia_muciniphila	Bacteroides_uniformis	2.14767456054688	28.3592071533203	26.7697219848633	28.9173965454102
Escherichia_coli	Bacteroides_uniformis	4.74574279785156	28.3592071533203	25.1650390625	29.9107818603516
Faecalibacterium_prausnitzii	Bacteroides_uniformis	0.11810302734375	28.3592071533203	28.6628570556641	28.7809600830078
Collinsella_aerofaciens	Bacteroides_uniformis	1.50904846191406	28.3592071533203	27.9651641845703	29.4742126464844
Collinsella_aerofaciens	Prevotella_sp_CAG_1092	1.50904846191406	11.2620620727539	25.5058135986328	27.0148620605469
Phascolarctobacterium_succinatutens	Fusicatenibacter_saccharivorans	0.196014404296875	9.25564575195312	27.0975646972656	27.2935791015625
Phascolarctobacterium_succinatutens	Bacteroides_uniformis	0.196014404296875	28.3592071533203	29.4980239868164	29.6940383911133
Phascolarctobacterium_succinatutens	Bacteroides_thetaiotaomicron	0.196014404296875	23.5971298217773	25.4866027832031	25.6826171875
Phascolarctobacterium_succinatutens	Prevotella_sp_CAG_1092	0.196014404296875	11.2620620727539	25.8483276367188	26.0443420410156
Clostridium_sp_CAG_413	Bacteroides_uniformis	1.65982055664062	28.3592071533203	26.8718566894531	28.5316772460938
Desulfovibrio_piger	Bacteroides_uniformis	6.14691162109375	28.3592071533203	27.6121368408203	33.7590484619141
Coprococcus_comes	Bacteroides_uniformis	0.412567138671875	28.3592071533203	29.8318099975586	30.2443771362305
Coprococcus_comes	Prevotella_sp_CAG_1092	0.412567138671875	11.2620620727539	26.1230392456055	26.5356063842773
Eubacterium_rectale	Bacteroides_uniformis	0.00152587890625	28.3592071533203	29.688117980957	29.6896438598633
Eubacterium_hallii	Bacteroides_uniformis	1.01495361328125	28.3592071533203	27.7661743164062	28.7811279296875
Fusicatenibacter_saccharivorans	Eubacterium_eligens	9.25564575195312	12.2109832763672	25.4907379150391	34.7463836669922
Firmicutes_bacterium_CAG_83	Bacteroides_uniformis	0.337493896484375	28.3592071533203	28.3932113647461	28.7307052612305
Dorea_longicatena	Bacteroides_uniformis	4.58836364746094	28.3592071533203	27.1637496948242	31.7521133422852
Oscillibacter_sp_57_20	Bacteroides_uniformis	0.332351684570312	28.3592071533203	29.0589218139648	29.3912734985352
Oscillibacter_sp_57_20	Bacteroides_thetaiotaomicron	0.332351684570312	23.5971298217773	25.9501037597656	26.2824554443359
Clostridium_sp_CAG_510	Bacteroides_uniformis	4.09748840332031	28.3592071533203	27.5253829956055	31.6228713989258
Roseburia_sp_CAG_471	Bacteroides_uniformis	3.08421325683594	28.3592071533203	25.9685821533203	29.0527954101562
Dorea_formicigenerans	Bacteroides_uniformis	2.47398376464844	28.3592071533203	30.4983673095703	32.9723510742188
Dorea_formicigenerans	Prevotella_sp_CAG_1092	2.47398376464844	11.2620620727539	28.7879409790039	31.2619247436523
Odoribacter_splanchnicus	Fusicatenibacter_saccharivorans	3.15283203125	9.25564575195312	26.3852691650391	29.5381011962891
Fusicatenibacter_saccharivorans	Bacteroides_uniformis	9.25564575195312	28.3592071533203	27.7863464355469	37.0419921875
Fusicatenibacter_saccharivorans	Parabacteroides_merdae	9.25564575195312	18.9071502685547	26.2910079956055	35.5466537475586
Coprococcus_catus	Fusicatenibacter_saccharivorans	0.513290405273438	9.25564575195312	25.6282348632812	26.1415252685547
Fusicatenibacter_saccharivorans	Bacteroides_xylanisolvens	9.25564575195312	17.958137512207	25.6760025024414	34.9316482543945
Fusicatenibacter_saccharivorans	Bacteroides_thetaiotaomicron	9.25564575195312	23.5971298217773	28.1069412231445	37.3625869750977
Collinsella_stercoris	Fusicatenibacter_saccharivorans	1.6866455078125	9.25564575195312	26.4246368408203	28.1112823486328
Eubacterium_sp_CAG_180	Fusicatenibacter_saccharivorans	0.443099975585938	9.25564575195312	26.6747589111328	27.1178588867188
Firmicutes_bacterium_CAG_170	Fusicatenibacter_saccharivorans	0.091949462890625	9.25564575195312	26.9906692504883	27.0826187133789
Bacteroides_sp_D2	Fusicatenibacter_saccharivorans	0.0002593994140625	9.25564575195312	25.1242370605469	25.1244964599609
Ruminococcus_lactaris	Fusicatenibacter_saccharivorans	3.72720336914062	9.25564575195312	26.9333343505859	30.6605377197266
Prevotella_sp_CAG_520	Fusicatenibacter_saccharivorans	7.146728515625	9.25564575195312	25.6877899169922	32.8345184326172
Prevotella_sp_AM42_24	Fusicatenibacter_saccharivorans	1.23612976074219	9.25564575195312	27.5499114990234	28.7860412597656
Fusicatenibacter_saccharivorans	Prevotella_sp_CAG_1092	9.25564575195312	11.2620620727539	24.9115600585938	34.1672058105469
Ruminococcus_sp_CAG_563	Fusicatenibacter_saccharivorans	0.061737060546875	9.25564575195312	28.1988525390625	28.2605895996094
Brachyspira_sp_CAG_700	Fusicatenibacter_saccharivorans	3.11404418945312	9.25564575195312	26.9649124145508	30.0789566040039
BRANCHED-CHAIN-AA-SYN-PWY:_superpathway_of_branched_amino_acid_biosynthesis	Fusicatenibacter_saccharivorans	0.54864501953125	9.25564575195312	25.3196792602539	25.8683242797852
PWY-2942:_L-lysine_biosynthesis_III	Fusicatenibacter_saccharivorans	0.35260009765625	9.25564575195312	25.2879943847656	25.6405944824219
PWY-7229:_superpathway_of_adenosine_nucleotides_de_novo_biosynthesis_I	Fusicatenibacter_saccharivorans	1.65109252929688	9.25564575195312	26.7706756591797	28.4217681884766
PWY0-1319:_CDP-diacylglycerol_biosynthesis_II	Fusicatenibacter_saccharivorans	0.104217529296875	9.25564575195312	25.2338943481445	25.3381118774414
SER-GLYSYN-PWY:_superpathway_of_L-serine_and_glycine_biosynthesis_I	Fusicatenibacter_saccharivorans	1.30398559570312	9.25564575195312	25.0884552001953	26.3924407958984
Blautia_wexlerae	Bacteroides_uniformis	1.31239318847656	28.3592071533203	29.2278060913086	30.5401992797852
Blautia_wexlerae	Bacteroides_thetaiotaomicron	1.31239318847656	23.5971298217773	25.7154235839844	27.0278167724609
Blautia_wexlerae	Prevotella_sp_CAG_520	1.31239318847656	7.146728515625	25.6145172119141	26.9269104003906
Blautia_wexlerae	Prevotella_sp_CAG_1092	1.31239318847656	11.2620620727539	26.4812622070312	27.7936553955078
Slackia_isoflavoniconvertens	Bacteroides_uniformis	0.801849365234375	28.3592071533203	28.4838562011719	29.2857055664062
Slackia_isoflavoniconvertens	Prevotella_sp_CAG_1092	0.801849365234375	11.2620620727539	25.3944702148438	26.1963195800781
Blautia_obeum	Bacteroides_uniformis	0.0652008056640625	28.3592071533203	28.3299179077148	28.3951187133789
Gemmiger_formicilis	Bacteroides_thetaiotaomicron	0.0052490234375	23.5971298217773	25.2105255126953	25.2157745361328
Gemmiger_formicilis	Prevotella_sp_CAG_1092	0.0052490234375	11.2620620727539	27.1995010375977	27.2047500610352
Eubacterium_ramulus	Bacteroides_uniformis	2.51277160644531	28.3592071533203	25.9500122070312	28.4627838134766
Odoribacter_splanchnicus	Bacteroides_uniformis	3.15283203125	28.3592071533203	26.3493270874023	29.5021591186523
Klebsiella_pneumoniae	Bacteroides_uniformis	0.00152587890625	28.3592071533203	28.5246963500977	28.5262222290039
Eubacterium_siraeum	Bacteroides_uniformis	1.31658935546875	28.3592071533203	27.3911361694336	28.7077255249023
Proteus_mirabilis	Bacteroides_uniformis	0.514633178710938	28.3592071533203	29.5704956054688	30.0851287841797
Agathobaculum_butyriciproducens	Bacteroides_uniformis	0.012542724609375	28.3592071533203	30.6981811523438	30.7107238769531
Dialister_pneumosintes	Bacteroides_uniformis	0.232559204101562	28.3592071533203	28.2281646728516	28.4607238769531
Solobacterium_moorei	Bacteroides_uniformis	0.0002593994140625	28.3592071533203	28.9015426635742	28.9018020629883
Coprococcus_catus	Bacteroides_uniformis	0.513290405273438	28.3592071533203	27.9650726318359	28.4783630371094
Bacteroides_stercoris	Bacteroides_uniformis	0.723037719726562	28.3592071533203	28.0196685791016	28.7427062988281
Roseburia_hominis	Bacteroides_uniformis	5.06443786621094	28.3592071533203	27.0720901489258	32.1365280151367
Firmicutes_bacterium_CAG_95	Bacteroides_uniformis	1.30398559570312	28.3592071533203	27.3857879638672	28.6897735595703
Oxalobacter_formigenes	Bacteroides_uniformis	0.539840698242188	28.3592071533203	29.3330230712891	29.8728637695312
Oscillibacter_sp_CAG_241	Bacteroides_uniformis	1.31336975097656	28.3592071533203	28.5230484008789	29.8364181518555
Olsenella_scatoligenes	Bacteroides_uniformis	0.196014404296875	28.3592071533203	28.2428512573242	28.4388656616211
Roseburia_inulinivorans	Bacteroides_uniformis	0.72796630859375	28.3592071533203	27.8332901000977	28.5612564086914
Bifidobacterium_adolescentis	Bacteroides_uniformis	6.04849243164062	28.3592071533203	29.4060134887695	35.4545059204102
Catenibacterium_mitsuokai	Bacteroides_uniformis	1.11444091796875	28.3592071533203	27.7977905273438	28.9122314453125
Ruminococcus_torques	Bacteroides_uniformis	8.75010681152344	28.3592071533203	25.2626724243164	34.0127792358398
Klebsiella_variicola	Bacteroides_uniformis	0.0619964599609375	28.3592071533203	28.5482025146484	28.6101989746094
Bilophila_wadsworthia	Bacteroides_uniformis	1.65280151367188	28.3592071533203	27.1261596679688	28.7789611816406
Ruminococcus_sp_CAG_403	Bacteroides_uniformis	5.84730529785156	28.3592071533203	25.2051696777344	31.0524749755859
Veillonella_parvula	Bacteroides_uniformis	4.48594665527344	28.3592071533203	25.057861328125	29.5438079833984
Firmicutes_bacterium_CAG_238	Bacteroides_uniformis	1.44223022460938	28.3592071533203	30.1594467163086	31.601676940918
Streptococcus_sanguinis	Bacteroides_uniformis	1.3743896484375	28.3592071533203	27.0423812866211	28.4167709350586
Collinsella_stercoris	Bacteroides_uniformis	1.6866455078125	28.3592071533203	27.8343963623047	29.5210418701172
Streptococcus_salivarius	Bacteroides_uniformis	3.18826293945312	28.3592071533203	29.0429611206055	32.2312240600586
Holdemania_filiformis	Bacteroides_uniformis	2.29264831542969	28.3592071533203	26.3777618408203	28.67041015625
Klebsiella_quasipneumoniae	Bacteroides_uniformis	0.647018432617188	28.3592071533203	28.2090377807617	28.8560562133789
Eubacterium_sp_CAG_180	Bacteroides_uniformis	0.443099975585938	28.3592071533203	28.560188293457	29.003288269043
Streptococcus_anginosus_group	Bacteroides_uniformis	1.00143432617188	28.3592071533203	27.6288223266602	28.630256652832
Clostridium_sp_CAG_299	Bacteroides_uniformis	0.0002593994140625	28.3592071533203	28.9015426635742	28.9018020629883
Roseburia_intestinalis	Bacteroides_uniformis	0.176254272460938	28.3592071533203	28.2294998168945	28.4057540893555
Firmicutes_bacterium_CAG_170	Bacteroides_uniformis	0.091949462890625	28.3592071533203	29.475471496582	29.5674209594727
Clostridium_asparagiforme	Bacteroides_uniformis	0.514633178710938	28.3592071533203	29.5704956054688	30.0851287841797
Parabacteroides_gordonii	Bacteroides_uniformis	1.3743896484375	28.3592071533203	27.0423812866211	28.4167709350586
Roseburia_sp_CAG_182	Bacteroides_uniformis	1.31239318847656	28.3592071533203	29.1793060302734	30.49169921875
Bifidobacterium_longum	Bacteroides_uniformis	2.24205017089844	28.3592071533203	26.2110595703125	28.4531097412109
Eubacterium_sulci	Bacteroides_uniformis	0.539840698242188	28.3592071533203	29.3330230712891	29.8728637695312
Bacteroides_coprocola	Bacteroides_uniformis	2.29264831542969	28.3592071533203	26.3777618408203	28.67041015625
Enorma_massiliensis	Bacteroides_uniformis	1.3743896484375	28.3592071533203	27.0423812866211	28.4167709350586
Bifidobacterium_pseudocatenulatum	Bacteroides_uniformis	3.8177490234375	28.3592071533203	26.0974044799805	29.915153503418
Streptococcus_parasanguinis	Bacteroides_uniformis	8.90205383300781	28.3592071533203	26.1409606933594	35.0430145263672
Roseburia_faecis	Bacteroides_uniformis	0.17010498046875	28.3592071533203	28.232795715332	28.4029006958008
Eubacterium_sp_CAG_38	Bacteroides_uniformis	0.0121307373046875	28.3592071533203	28.4666290283203	28.478759765625
Ruminococcus_callidus	Bacteroides_uniformis	5.74351501464844	28.3592071533203	26.1854400634766	31.928955078125
Bacteroides_sp_D2	Bacteroides_uniformis	0.0002593994140625	28.3592071533203	28.9015426635742	28.9018020629883
Clostridium_perfringens	Bacteroides_uniformis	2.19145202636719	28.3592071533203	28.0898666381836	30.2813186645508
Eubacterium_sp_OM08_24	Bacteroides_uniformis	4.52455139160156	28.3592071533203	27.6697158813477	32.1942672729492
Phascolarctobacterium_faecium	Bacteroides_uniformis	1.00143432617188	28.3592071533203	27.4006042480469	28.4020385742188
Eubacterium_ventriosum	Bacteroides_uniformis	3.69993591308594	28.3592071533203	26.165771484375	29.8657073974609
Haemophilus_parainfluenzae	Bacteroides_uniformis	0.015960693359375	28.3592071533203	28.3901519775391	28.4061126708984
Intestinibacter_bartlettii	Bacteroides_uniformis	0.513671875	28.3592071533203	28.6480026245117	29.1616744995117
Erysipelatoclostridium_ramosum	Bacteroides_uniformis	0.232559204101562	28.3592071533203	28.2281646728516	28.4607238769531
Anaerotruncus_colihominis	Bacteroides_uniformis	1.3743896484375	28.3592071533203	27.0423812866211	28.4167709350586
Streptococcus_gordonii	Bacteroides_uniformis	1.35336303710938	28.3592071533203	28.7180099487305	30.0713729858398
Hungatella_hathewayi	Bacteroides_uniformis	0.232559204101562	28.3592071533203	28.2281646728516	28.4607238769531
Turicibacter_sanguinis	Bacteroides_uniformis	0.0009002685546875	28.3592071533203	28.4686965942383	28.469596862793
Streptococcus_sp_A12	Bacteroides_uniformis	0.513671875	28.3592071533203	28.6480026245117	29.1616744995117
Weissella_cibaria	Bacteroides_uniformis	0.40753173828125	28.3592071533203	28.4714736938477	28.8790054321289
Streptococcus_australis	Bacteroides_uniformis	3.25643920898438	28.3592071533203	25.7090530395508	28.9654922485352
Clostridium_innocuum	Bacteroides_uniformis	3.25643920898438	28.3592071533203	25.7090530395508	28.9654922485352
Megasphaera_elsdenii	Bacteroides_uniformis	0.513671875	28.3592071533203	29.6016540527344	30.1153259277344
Clostridiales_bacterium_1_7_47FAA	Bacteroides_uniformis	1.3743896484375	28.3592071533203	27.0423812866211	28.4167709350586
Streptococcus_infantis	Bacteroides_uniformis	2.29264831542969	28.3592071533203	27.6377944946289	29.9304428100586
Fretibacterium_fastidiosum	Bacteroides_uniformis	2.19145202636719	28.3592071533203	28.0898666381836	30.2813186645508
Veillonella_infantium	Bacteroides_uniformis	0.0015869140625	28.3592071533203	29.5746383666992	29.5762252807617
Porphyromonas_asaccharolytica	Bacteroides_uniformis	2.29264831542969	28.3592071533203	26.3777618408203	28.67041015625
Coprococcus_eutactus	Bacteroides_uniformis	1.07586669921875	28.3592071533203	27.3724746704102	28.4483413696289
Prevotella_sp_CAG_279	Bacteroides_uniformis	0.85321044921875	28.3592071533203	28.9872055053711	29.8404159545898
Mitsuokella_multacida	Bacteroides_uniformis	1.12425231933594	28.3592071533203	29.4257202148438	30.5499725341797
Lactobacillus_rogosae	Bacteroides_uniformis	0.104217529296875	28.3592071533203	28.5486221313477	28.6528396606445
Actinomyces_sp_oral_taxon_181	Bacteroides_uniformis	1.3743896484375	28.3592071533203	27.0423812866211	28.4167709350586
Bifidobacterium_dentium	Bacteroides_uniformis	0.0009002685546875	28.3592071533203	29.180793762207	29.1816940307617
Bacteroides_galacturonicus	Bacteroides_uniformis	0.647018432617188	28.3592071533203	29.6826477050781	30.3296661376953
Actinomyces_sp_S6_Spd3	Bacteroides_uniformis	2.29264831542969	28.3592071533203	26.3777618408203	28.67041015625
Prevotella_timonensis	Bacteroides_uniformis	5.27236938476562	28.3592071533203	25.5294342041016	30.8018035888672
Eubacterium_sp_CAG_251	Bacteroides_uniformis	0.364517211914062	28.3592071533203	28.0579223632812	28.4224395751953
Holdemanella_biformis	Bacteroides_uniformis	0.343231201171875	28.3592071533203	29.1688385009766	29.5120697021484
Coprobacter_fastidiosus	Bacteroides_uniformis	0.232559204101562	28.3592071533203	28.2281646728516	28.4607238769531
Bacteroides_finegoldii	Bacteroides_uniformis	2.19093322753906	28.3592071533203	26.3599319458008	28.5508651733398
Butyricimonas_synergistica	Bacteroides_uniformis	1.3743896484375	28.3592071533203	27.0423812866211	28.4167709350586
Clostridium_aldenense	Bacteroides_uniformis	0.514633178710938	28.3592071533203	29.5704956054688	30.0851287841797
Alistipes_onderdonkii	Bacteroides_uniformis	0.232559204101562	28.3592071533203	28.2281646728516	28.4607238769531
Ruminococcus_lactaris	Bacteroides_uniformis	3.72720336914062	28.3592071533203	29.3787994384766	33.1060028076172
Sutterella_parvirubra	Bacteroides_uniformis	4.78115844726562	28.3592071533203	27.7400741577148	32.5212326049805
Klebsiella_aerogenes	Bacteroides_uniformis	1.91487121582031	28.3592071533203	28.3701095581055	30.2849807739258
Lactobacillus_mucosae	Bacteroides_uniformis	0.4329833984375	28.3592071533203	28.38232421875	28.8153076171875
Veillonella_atypica	Bacteroides_uniformis	1.00308227539062	28.3592071533203	27.7546691894531	28.7577514648438
Clostridium_ventriculi	Bacteroides_uniformis	1.91487121582031	28.3592071533203	27.8535308837891	29.7684020996094
Enterococcus_faecium	Bacteroides_uniformis	2.29264831542969	28.3592071533203	26.3777618408203	28.67041015625
Porphyromonas_sp_HMSC065F10	Bacteroides_uniformis	2.29264831542969	28.3592071533203	26.3777618408203	28.67041015625
Parabacteroides_johnsonii	Bacteroides_uniformis	0.40753173828125	28.3592071533203	28.7018890380859	29.1094207763672
Prevotella_bivia	Bacteroides_uniformis	0.0005645751953125	28.3592071533203	28.6123809814453	28.6129455566406
Enterococcus_faecalis	Bacteroides_uniformis	5.04391479492188	28.3592071533203	24.9663772583008	30.0102920532227
Fusobacterium_mortiferum	Bacteroides_uniformis	3.25643920898438	28.3592071533203	25.7090530395508	28.9654922485352
Rothia_mucilaginosa	Bacteroides_uniformis	4.58042907714844	28.3592071533203	27.9189987182617	32.4994277954102
Aggregatibacter_segnis	Bacteroides_uniformis	0.196014404296875	28.3592071533203	28.2428512573242	28.4388656616211
Turicimonas_muris	Bacteroides_uniformis	0.513671875	28.3592071533203	28.1014862060547	28.6151580810547
Proteobacteria_bacterium_CAG_139	Bacteroides_uniformis	0.157577514648438	28.3592071533203	28.7975769042969	28.9551544189453
Tyzzerella_nexilis	Bacteroides_uniformis	0.0002593994140625	28.3592071533203	28.9015426635742	28.9018020629883
Bacteroides_clarus	Bacteroides_uniformis	1.30398559570312	28.3592071533203	27.2555770874023	28.5595626831055
Fusobacterium_varium	Bacteroides_uniformis	1.31269836425781	28.3592071533203	27.2426681518555	28.5553665161133
Lactobacillus_salivarius	Bacteroides_uniformis	0.539840698242188	28.3592071533203	29.3330230712891	29.8728637695312
Anaerotignum_lactatifermentans	Bacteroides_uniformis	1.3743896484375	28.3592071533203	27.0423812866211	28.4167709350586
Veillonella_sp_T11011_6	Bacteroides_uniformis	0.619338989257812	28.3592071533203	28.2204284667969	28.8397674560547
Veillonella_dispar	Bacteroides_uniformis	0.716110229492188	28.3592071533203	27.6778259277344	28.3939361572266
Allisonella_histaminiformans	Bacteroides_uniformis	0.257278442382812	28.3592071533203	29.224479675293	29.4817581176758
Megasphaera_micronuciformis	Bacteroides_uniformis	0.232559204101562	28.3592071533203	28.2281646728516	28.4607238769531
Prevotella_sp_CAG_520	Bacteroides_uniformis	7.146728515625	28.3592071533203	28.1773300170898	35.3240585327148
Bifidobacterium_bifidum	Bacteroides_uniformis	1.3743896484375	28.3592071533203	27.0423812866211	28.4167709350586
Megamonas_funiformis_CAG_377	Bacteroides_uniformis	0.514633178710938	28.3592071533203	29.5704956054688	30.0851287841797
Enterobacter_cloacae_complex	Bacteroides_uniformis	1.4462890625	28.3592071533203	29.3383865356445	30.7846755981445
Desulfovibrionaceae_bacterium	Bacteroides_uniformis	0.895095825195312	28.3592071533203	27.8521118164062	28.7472076416016
Lactococcus_petauri	Bacteroides_uniformis	3.56080627441406	28.3592071533203	26.1071853637695	29.6679916381836
Lactococcus_garvieae	Bacteroides_uniformis	1.41798400878906	28.3592071533203	27.5079116821289	28.925895690918
Streptococcus_infantarius	Bacteroides_uniformis	0.647018432617188	28.3592071533203	28.1069564819336	28.7539749145508
Clostridium_sp_CAG_253	Bacteroides_uniformis	0.392196655273438	28.3592071533203	30.7011871337891	31.0933837890625
Citrobacter_youngae	Bacteroides_uniformis	0.323837280273438	28.3592071533203	29.5952377319336	29.919075012207
Weissella_confusa	Bacteroides_uniformis	0.179946899414062	28.3592071533203	28.3432846069336	28.5232315063477
Citrobacter_freundii	Bacteroides_uniformis	0.157577514648438	28.3592071533203	28.7090225219727	28.8666000366211
Kluyvera_ascorbata	Bacteroides_uniformis	0.232559204101562	28.3592071533203	28.1424102783203	28.3749694824219
Klebsiella_michiganensis	Bacteroides_uniformis	0.232559204101562	28.3592071533203	28.1424102783203	28.3749694824219
Prevotella_corporis	Bacteroides_uniformis	0.196014404296875	28.3592071533203	28.2428512573242	28.4388656616211
Enterococcus_hirae	Bacteroides_uniformis	0.647018432617188	28.3592071533203	28.1069564819336	28.7539749145508
Lactobacillus_delbrueckii	Bacteroides_uniformis	0.514633178710938	28.3592071533203	29.5704956054688	30.0851287841797
Veillonella_rogosae	Bacteroides_uniformis	0.647018432617188	28.3592071533203	28.4509582519531	29.0979766845703
Lactobacillus_ruminis	Bacteroides_uniformis	0.136306762695312	28.3592071533203	28.321907043457	28.4582138061523
Citrobacter_koseri	Bacteroides_uniformis	0.0002593994140625	28.3592071533203	28.7676849365234	28.7679443359375
Prevotella_buccalis	Bacteroides_uniformis	2.29264831542969	28.3592071533203	26.3777618408203	28.67041015625
Lactococcus_lactis	Bacteroides_uniformis	0.323837280273438	28.3592071533203	29.5952377319336	29.919075012207
Leuconostoc_garlicum	Bacteroides_uniformis	3.25643920898438	28.3592071533203	26.9276428222656	30.18408203125
Prevotella_sp_AM42_24	Bacteroides_uniformis	1.23612976074219	28.3592071533203	28.0824813842773	29.3186111450195
Fusobacterium_naviforme	Bacteroides_uniformis	1.3743896484375	28.3592071533203	27.0423812866211	28.4167709350586
Haemophilus_sp_HMSC71H05	Bacteroides_uniformis	0.0742950439453125	28.3592071533203	29.1116561889648	29.1859512329102
Lactobacillus_pentosus	Bacteroides_uniformis	0.514633178710938	28.3592071533203	29.5704956054688	30.0851287841797
Lactobacillus_fermentum	Bacteroides_uniformis	3.77799987792969	28.3592071533203	26.1584701538086	29.9364700317383
Alistipes_timonensis	Bacteroides_uniformis	1.3743896484375	28.3592071533203	27.0423812866211	28.4167709350586
Ruminococcus_sp_CAG_579	Bacteroides_uniformis	0.002655029296875	28.3592071533203	28.5888595581055	28.5915145874023
Ruminococcus_sp_CAG_330	Bacteroides_uniformis	0.01409912109375	28.3592071533203	28.9326477050781	28.9467468261719
Prevotella_sp_CAG_873	Bacteroides_uniformis	2.49354553222656	28.3592071533203	26.779411315918	29.2729568481445
Anaerobiospirillum_thomasii	Bacteroides_uniformis	0.06842041015625	28.3592071533203	28.5556106567383	28.6240310668945
Mitsuokella_jalaludinii	Bacteroides_uniformis	1.35336303710938	28.3592071533203	30.4781951904297	31.8315582275391
Victivallis_vadensis	Bacteroides_uniformis	0.0619964599609375	28.3592071533203	29.1673583984375	29.2293548583984
Neisseria_flavescens	Bacteroides_uniformis	0.0002593994140625	28.3592071533203	28.9015426635742	28.9018020629883
Enterobacter_bugandensis	Bacteroides_uniformis	0.539840698242188	28.3592071533203	29.3330230712891	29.8728637695312
Pseudoflavonifractor_capillosus	Bacteroides_uniformis	0.514633178710938	28.3592071533203	29.5704956054688	30.0851287841797
Haemophilus_pittmaniae	Bacteroides_uniformis	2.29264831542969	28.3592071533203	29.3208770751953	31.613525390625
Streptococcus_macedonicus	Bacteroides_uniformis	2.6583251953125	28.3592071533203	27.235466003418	29.8937911987305
Neisseria_subflava	Bacteroides_uniformis	0.232559204101562	28.3592071533203	28.2281646728516	28.4607238769531
Prevotella_buccae	Bacteroides_uniformis	1.3743896484375	28.3592071533203	27.0423812866211	28.4167709350586
Veillonella_denticariosi	Bacteroides_uniformis	2.19145202636719	28.3592071533203	28.0898666381836	30.2813186645508
Cetobacterium_somerae	Bacteroides_uniformis	1.31269836425781	28.3592071533203	27.2426681518555	28.5553665161133
Bacteroides_sp_CAG_598	Bacteroides_uniformis	0.514633178710938	28.3592071533203	29.5704956054688	30.0851287841797
Succinatimonas_hippei	Bacteroides_uniformis	1.3743896484375	28.3592071533203	27.0423812866211	28.4167709350586
Ruminococcus_sp_CAG_563	Bacteroides_uniformis	0.061737060546875	28.3592071533203	29.4003448486328	29.4620819091797
Ruminococcus_sp_CAG_488	Bacteroides_uniformis	3.58908081054688	28.3592071533203	25.8927001953125	29.4817810058594
Comamonas_kerstersii	Bacteroides_uniformis	0.002288818359375	28.3592071533203	36.6863632202148	36.6886520385742
Clostridium_sp_CAG_411	Bacteroides_uniformis	0.809814453125	28.3592071533203	29.1699142456055	29.9797286987305
Leuconostoc_mesenteroides	Bacteroides_uniformis	0.157577514648438	28.3592071533203	28.7090225219727	28.8666000366211
Butyrivibrio_crossotus	Bacteroides_uniformis	2.08326721191406	28.3592071533203	26.8406143188477	28.9238815307617
Aeromonas_caviae	Bacteroides_uniformis	0.539840698242188	28.3592071533203	29.3330230712891	29.8728637695312
Campylobacter_concisus	Bacteroides_uniformis	0.539840698242188	28.3592071533203	29.3330230712891	29.8728637695312
Clostridium_sp_CAG_167	Bacteroides_uniformis	10.4746704101562	28.3592071533203	25.1964950561523	35.6711654663086
Ruminococcus_obeum_CAG_39	Bacteroides_uniformis	3.39128112792969	28.3592071533203	27.1042556762695	30.4955368041992
Collinsella_massiliensis	Bacteroides_uniformis	0.157577514648438	28.3592071533203	28.2946090698242	28.4521865844727
Anaerotruncus_sp_CAG_528	Bacteroides_uniformis	2.30203247070312	28.3592071533203	26.5149002075195	28.8169326782227
Bacteroides_pectinophilus	Bacteroides_uniformis	1.31204223632812	28.3592071533203	29.5180740356445	30.8301162719727
Blastocystis_sp_subtype_1	Bacteroides_uniformis	0.308807373046875	28.3592071533203	28.1917419433594	28.5005493164062
Butyrivibrio_sp_CAG_318	Bacteroides_uniformis	0.0067596435546875	28.3592071533203	28.4107055664062	28.4174652099609
Eubacterium_sp_CAG_786	Bacteroides_uniformis	3.42385864257812	28.3592071533203	27.3363418579102	30.7602005004883
Ruminococcus_sp_CAG_624	Bacteroides_uniformis	0.0002593994140625	28.3592071533203	28.9015426635742	28.9018020629883
Aeromonas_media	Bacteroides_uniformis	0.539840698242188	28.3592071533203	29.3330230712891	29.8728637695312
Clostridium_sp_CAG_632	Bacteroides_uniformis	0.091949462890625	28.3592071533203	30.1487884521484	30.2407379150391
Alistipes_sp_An66	Bacteroides_uniformis	0.514633178710938	28.3592071533203	29.5704956054688	30.0851287841797
Firmicutes_bacterium_CAG_534	Bacteroides_uniformis	0.01641845703125	28.3592071533203	29.413215637207	29.4296340942383
Streptococcus_salivarius_CAG_79	Bacteroides_uniformis	0.514633178710938	28.3592071533203	29.5704956054688	30.0851287841797
Brachyspira_sp_CAG_700	Bacteroides_uniformis	3.11404418945312	28.3592071533203	31.6915512084961	34.8055953979492
Firmicutes_bacterium_CAG_555	Bacteroides_uniformis	0.0012359619140625	28.3592071533203	28.5950927734375	28.5963287353516
Brachyspira_pilosicoli	Bacteroides_uniformis	0.878250122070312	28.3592071533203	28.7871856689453	29.6654357910156
Cronobacter_malonaticus	Bacteroides_uniformis	1.3743896484375	28.3592071533203	27.0423812866211	28.4167709350586
Roseburia_sp_831b	Bacteroides_uniformis	0.571640014648438	28.3592071533203	27.8995056152344	28.4711456298828
Campylobacter_coli	Bacteroides_uniformis	1.31269836425781	28.3592071533203	30.8572540283203	32.1699523925781
Treponema_porcinum	Bacteroides_uniformis	0.539840698242188	28.3592071533203	29.3330230712891	29.8728637695312
DTDPRHAMSYN-PWY:_dTDP-L-rhamnose_biosynthesis_I	Bacteroides_uniformis	1.87254333496094	28.3592071533203	27.8511810302734	29.7237243652344
PWY-7219:_adenosine_ribonucleotides_de_novo_biosynthesis	Bacteroides_uniformis	0.99969482421875	28.3592071533203	30.8963165283203	31.8960113525391
PWY-6609:_adenine_and_adenosine_salvage_III	Bacteroides_uniformis	1.0208740234375	28.3592071533203	30.3537292480469	31.3746032714844
PWY-5686:_UMP_biosynthesis	Bacteroides_uniformis	0.188751220703125	28.3592071533203	29.4580917358398	29.646842956543
TRNA-CHARGING-PWY:_tRNA_charging	Bacteroides_uniformis	0.776123046875	28.3592071533203	27.5927505493164	28.3688735961914
PWY-1042:_glycolysis_IV_(plant_cytosol)	Bacteroides_uniformis	0.0213775634765625	28.3592071533203	30.4999465942383	30.5213241577148
PWY-7221:_guanosine_ribonucleotides_de_novo_biosynthesis	Bacteroides_uniformis	0.745574951171875	28.3592071533203	30.1683349609375	30.9139099121094
PWY-6151:_S-adenosyl-L-methionine_cycle_I	Bacteroides_uniformis	1.78828430175781	28.3592071533203	28.2670059204102	30.055290222168
PWY-6386:_UDP-N-acetylmuramoyl-pentapeptide_biosynthesis_II_(lysine-containing)	Bacteroides_uniformis	0.522613525390625	28.3592071533203	30.6726455688477	31.1952590942383
PWY-6387:_UDP-N-acetylmuramoyl-pentapeptide_biosynthesis_I_(meso-diaminopimelate_containing)	Bacteroides_uniformis	0.0034332275390625	28.3592071533203	31.2350692749023	31.2385025024414
PEPTIDOGLYCANSYN-PWY:_peptidoglycan_biosynthesis_I_(meso-diaminopimelate_containing)	Bacteroides_uniformis	1.05653381347656	28.3592071533203	29.3396911621094	30.3962249755859
COA-PWY-1:_coenzyme_A_biosynthesis_II_(mammalian)	Bacteroides_uniformis	2.50704956054688	28.3592071533203	27.7538299560547	30.2608795166016
PWY-6385:_peptidoglycan_biosynthesis_III_(mycobacteria)	Bacteroides_uniformis	1.02604675292969	28.3592071533203	30.6609420776367	31.6869888305664
PWY-3841:_folate_transformations_II	Bacteroides_uniformis	0.736282348632812	28.3592071533203	28.5630187988281	29.2993011474609
PWY-6163:_chorismate_biosynthesis_from_3-dehydroquinate	Bacteroides_uniformis	0.000885009765625	28.3592071533203	28.6103210449219	28.6112060546875
ILEUSYN-PWY:_L-isoleucine_biosynthesis_I_(from_threonine)	Bacteroides_uniformis	0.166046142578125	28.3592071533203	30.7033920288086	30.8694381713867
PWY-7111:_pyruvate_fermentation_to_isobutanol_(engineered)	Bacteroides_uniformis	0.188751220703125	28.3592071533203	28.4131546020508	28.6019058227539
VALSYN-PWY:_L-valine_biosynthesis	Bacteroides_uniformis	0.000640869140625	28.3592071533203	28.6713638305664	28.672004699707
BRANCHED-CHAIN-AA-SYN-PWY:_superpathway_of_branched_amino_acid_biosynthesis	Bacteroides_uniformis	0.54864501953125	28.3592071533203	31.6111297607422	32.1597747802734
PWY-5103:_L-isoleucine_biosynthesis_III	Bacteroides_uniformis	0.0110626220703125	28.3592071533203	28.4796829223633	28.4907455444336
COA-PWY:_coenzyme_A_biosynthesis_I	Bacteroides_uniformis	0.73016357421875	28.3592071533203	30.8815689086914	31.6117324829102
PWY-6121:_5-aminoimidazole_ribonucleotide_biosynthesis_I	Bacteroides_uniformis	2.07275390625	28.3592071533203	26.6058807373047	28.6786346435547
ARO-PWY:_chorismate_biosynthesis_I	Bacteroides_uniformis	0.216598510742188	28.3592071533203	33.3821792602539	33.5987777709961
PWY-6122:_5-aminoimidazole_ribonucleotide_biosynthesis_II	Bacteroides_uniformis	0.498397827148438	28.3592071533203	28.048095703125	28.5464935302734
PWY-6277:_superpathway_of_5-aminoimidazole_ribonucleotide_biosynthesis	Bacteroides_uniformis	1.14340209960938	28.3592071533203	27.835563659668	28.9789657592773
PWY-4242:_pantothenate_and_coenzyme_A_biosynthesis_III	Bacteroides_uniformis	0.065673828125	28.3592071533203	30.8816604614258	30.9473342895508
PWY-6737:_starch_degradation_V	Bacteroides_uniformis	2.54788208007812	28.3592071533203	26.1929626464844	28.7408447265625
COMPLETE-ARO-PWY:_superpathway_of_aromatic_amino_acid_biosynthesis	Bacteroides_uniformis	0.01904296875	28.3592071533203	29.4729690551758	29.4920120239258
PWY-7199:_pyrimidine_deoxyribonucleosides_salvage	Bacteroides_uniformis	1.2484130859375	28.3592071533203	27.6824035644531	28.9308166503906
PWY-5097:_L-lysine_biosynthesis_VI	Bacteroides_uniformis	1.02604675292969	28.3592071533203	27.4415130615234	28.4675598144531
PANTOSYN-PWY:_pantothenate_and_coenzyme_A_biosynthesis_I	Bacteroides_uniformis	2.01885986328125	28.3592071533203	27.8811950683594	29.9000549316406
PWY-2942:_L-lysine_biosynthesis_III	Bacteroides_uniformis	0.35260009765625	28.3592071533203	31.3754501342773	31.7280502319336
PWY-6123:_inosine-5'-phosphate_biosynthesis_I	Bacteroides_uniformis	0.498397827148438	28.3592071533203	28.0132141113281	28.5116119384766
HISTSYN-PWY:_L-histidine_biosynthesis	Bacteroides_uniformis	0.0785675048828125	28.3592071533203	31.3403091430664	31.4188766479492
PWY-7229:_superpathway_of_adenosine_nucleotides_de_novo_biosynthesis_I	Bacteroides_uniformis	1.65109252929688	28.3592071533203	31.1531066894531	32.80419921875
ANAGLYCOLYSIS-PWY:_glycolysis_III_(from_glucose)	Bacteroides_uniformis	0.40753173828125	28.3592071533203	29.3918762207031	29.7994079589844
PWY-7400:_L-arginine_biosynthesis_IV_(archaebacteria)	Bacteroides_uniformis	1.85865783691406	28.3592071533203	26.66650390625	28.5251617431641
ARGSYN-PWY:_L-arginine_biosynthesis_I_(via_L-ornithine)	Bacteroides_uniformis	0.499313354492188	28.3592071533203	28.2736434936523	28.7729568481445
CALVIN-PWY:_Calvin-Benson-Bassham_cycle	Bacteroides_uniformis	0.124114990234375	28.3592071533203	28.5884857177734	28.7126007080078
PWY-5973:_cis-vaccenate_biosynthesis	Bacteroides_uniformis	0.212677001953125	28.3592071533203	28.8577270507812	29.0704040527344
PWY-3001:_superpathway_of_L-isoleucine_biosynthesis_I	Bacteroides_uniformis	0.7388916015625	28.3592071533203	27.7093658447266	28.4482574462891
PWY-6124:_inosine-5'-phosphate_biosynthesis_II	Bacteroides_uniformis	0.498397827148438	28.3592071533203	29.3504257202148	29.8488235473633
PWY-841:_superpathway_of_purine_nucleotides_de_novo_biosynthesis_I	Bacteroides_uniformis	0.682571411132812	28.3592071533203	29.1391906738281	29.8217620849609
PWY-7663:_gondoate_biosynthesis_(anaerobic)	Bacteroides_uniformis	0.498397827148438	28.3592071533203	29.0268859863281	29.5252838134766
ARGSYNBSUB-PWY:_L-arginine_biosynthesis_II_(acetyl_cycle)	Bacteroides_uniformis	1.85865783691406	28.3592071533203	27.296745300293	29.155403137207
PWY-724:_superpathway_of_L-lysine,_L-threonine_and_L-methionine_biosynthesis_II	Bacteroides_uniformis	1.0087890625	28.3592071533203	28.5952377319336	29.6040267944336
PWY0-1319:_CDP-diacylglycerol_biosynthesis_II	Bacteroides_uniformis	0.104217529296875	28.3592071533203	32.3914413452148	32.4956588745117
PWY-5667:_CDP-diacylglycerol_biosynthesis_I	Bacteroides_uniformis	2.98521423339844	28.3592071533203	30.5060577392578	33.4912719726562
PWY-6126:_superpathway_of_adenosine_nucleotides_de_novo_biosynthesis_II	Bacteroides_uniformis	0.19293212890625	28.3592071533203	30.7395782470703	30.9325103759766
PYRIDNUCSYN-PWY:_NAD_biosynthesis_I_(from_aspartate)	Bacteroides_uniformis	1.12425231933594	28.3592071533203	30.9692611694336	32.0935134887695
DENOVOPURINE2-PWY:_superpathway_of_purine_nucleotides_de_novo_biosynthesis_II	Bacteroides_uniformis	0.878250122070312	28.3592071533203	29.1224670410156	30.0007171630859
OANTIGEN-PWY:_O-antigen_building_blocks_biosynthesis_(E._coli)	Bacteroides_uniformis	0.002655029296875	28.3592071533203	28.4071807861328	28.4098358154297
PWY-5154:_L-arginine_biosynthesis_III_(via_N-acetyl-L-citrulline)	Bacteroides_uniformis	2.57028198242188	28.3592071533203	27.5624313354492	30.1327133178711
PWY-6703:_preQ0_biosynthesis	Bacteroides_uniformis	0.356689453125	28.3592071533203	28.2402648925781	28.5969543457031
PWY-7228:_superpathway_of_guanosine_nucleotides_de_novo_biosynthesis_I	Bacteroides_uniformis	7.146728515625	28.3592071533203	27.6240234375	34.770751953125
PWY0-1296:_purine_ribonucleosides_degradation	Bacteroides_uniformis	0.0269927978515625	28.3592071533203	28.9195251464844	28.9465179443359
GLUTORN-PWY:_L-ornithine_biosynthesis	Bacteroides_uniformis	1.00880432128906	28.3592071533203	27.8273468017578	28.8361511230469
PWY-6125:_superpathway_of_guanosine_nucleotides_de_novo_biosynthesis_II	Bacteroides_uniformis	4.0042724609375	28.3592071533203	30.8140106201172	34.8182830810547
PWY0-166:_superpathway_of_pyrimidine_deoxyribonucleotides_de_novo_biosynthesis_(E._coli)	Bacteroides_uniformis	2.87704467773438	28.3592071533203	28.5828170776367	31.4598617553711
PWY-7208:_superpathway_of_pyrimidine_nucleobases_salvage	Bacteroides_uniformis	7.91067504882812	28.3592071533203	26.5367813110352	34.4474563598633
TRPSYN-PWY:_L-tryptophan_biosynthesis	Bacteroides_uniformis	0.37652587890625	28.3592071533203	28.9470291137695	29.3235549926758
SER-GLYSYN-PWY:_superpathway_of_L-serine_and_glycine_biosynthesis_I	Bacteroides_uniformis	1.30398559570312	28.3592071533203	27.3845062255859	28.6884918212891
PWY-6936:_seleno-amino_acid_biosynthesis	Bacteroides_uniformis	4.82562255859375	28.3592071533203	30.1292877197266	34.9549102783203
PWY-7187:_pyrimidine_deoxyribonucleotides_de_novo_biosynthesis_II	Bacteroides_uniformis	3.11407470703125	28.3592071533203	27.9202880859375	31.0343627929688
UDPNAGSYN-PWY:_UDP-N-acetyl-D-glucosamine_biosynthesis_I	Bacteroides_uniformis	0.0225982666015625	28.3592071533203	28.7634353637695	28.7860336303711
PWY-7184:_pyrimidine_deoxyribonucleotides_de_novo_biosynthesis_I	Bacteroides_uniformis	3.56080627441406	28.3592071533203	28.3470153808594	31.9078216552734
PWY-7357:_thiamin_formation_from_pyrithiamine_and_oxythiamine_(yeast)	Bacteroides_uniformis	7.62939453125e-05	28.3592071533203	28.69287109375	28.6929473876953
PWY-7237:_myo-,_chiro-_and_scillo-inositol_degradation	Bacteroides_uniformis	0.176254272460938	28.3592071533203	31.8381042480469	32.0143585205078
PWY66-400:_glycolysis_VI_(metazoan)	Bacteroides_uniformis	0.647018432617188	28.3592071533203	28.1069564819336	28.7539749145508
PWY-7220:_adenosine_deoxyribonucleotides_de_novo_biosynthesis_II	Bacteroides_uniformis	2.98284912109375	28.3592071533203	28.5505447387695	31.5333938598633
PWY-7222:_guanosine_deoxyribonucleotides_de_novo_biosynthesis_II	Bacteroides_uniformis	1.94010925292969	28.3592071533203	29.5985107421875	31.5386199951172
GLYCOLYSIS:_glycolysis_I_(from_glucose_6-phosphate)	Bacteroides_uniformis	0.196014404296875	28.3592071533203	28.7320327758789	28.9280471801758
NONOXIPENT-PWY:_pentose_phosphate_pathway_(non-oxidative_branch)	Bacteroides_uniformis	0.0635986328125	28.3592071533203	29.5550842285156	29.6186828613281
PWY-5484:_glycolysis_II_(from_fructose_6-phosphate)	Bacteroides_uniformis	0.11810302734375	28.3592071533203	28.809944152832	28.9280471801758
PWY66-422:_D-galactose_degradation_V_(Leloir_pathway)	Bacteroides_uniformis	0.392196655273438	28.3592071533203	31.169921875	31.5621185302734
PWY-6545:_pyrimidine_deoxyribonucleotides_de_novo_biosynthesis_III	Bacteroides_uniformis	5.04391479492188	28.3592071533203	24.9663772583008	30.0102920532227
PWY-7197:_pyrimidine_deoxyribonucleotide_phosphorylation	Bacteroides_uniformis	3.77799987792969	28.3592071533203	27.5577392578125	31.3357391357422
THISYNARA-PWY:_superpathway_of_thiamin_diphosphate_biosynthesis_III_(eukaryotes)	Bacteroides_uniformis	0.247467041015625	28.3592071533203	29.2780609130859	29.5255279541016
PWY-6317:_galactose_degradation_I_(Leloir_pathway)	Bacteroides_uniformis	0.065673828125	28.3592071533203	30.6739807128906	30.7396545410156
PWY-5100:_pyruvate_fermentation_to_acetate_and_lactate_II	Bacteroides_uniformis	0.647018432617188	28.3592071533203	29.4208526611328	30.06787109375
ARGININE-SYN4-PWY:_L-ornithine_de_novo__biosynthesis	Bacteroides_uniformis	0.232559204101562	28.3592071533203	28.2281646728516	28.4607238769531
HISDEG-PWY:_L-histidine_degradation_I	Bacteroides_uniformis	0.0192108154296875	28.3592071533203	28.3974151611328	28.4166259765625
PHOSLIPSYN-PWY:_superpathway_of_phospholipid_biosynthesis_I_(bacteria)	Bacteroides_uniformis	1.31269836425781	28.3592071533203	28.7306365966797	30.0433349609375
PWY-6147:_6-hydroxymethyl-dihydropterin_diphosphate_biosynthesis_I	Bacteroides_uniformis	2.98284912109375	28.3592071533203	28.0746765136719	31.0575256347656
PWY-6527:_stachyose_degradation	Bacteroides_uniformis	0.064300537109375	28.3592071533203	28.7520065307617	28.8163070678711
PWY-7539:_6-hydroxymethyl-dihydropterin_diphosphate_biosynthesis_III_(Chlamydia)	Bacteroides_uniformis	3.44467163085938	28.3592071533203	26.7138061523438	30.1584777832031
PWY-4981:_L-proline_biosynthesis_II_(from_arginine)	Bacteroides_uniformis	0.539840698242188	28.3592071533203	29.3330230712891	29.8728637695312
PYRIDOXSYN-PWY:_pyridoxal_5'-phosphate_biosynthesis_I	Bacteroides_uniformis	2.29264831542969	28.3592071533203	26.3777618408203	28.67041015625
PWY-1269:_CMP-3-deoxy-D-manno-octulosonate_biosynthesis_I	Bacteroides_uniformis	1.32574462890625	28.3592071533203	27.1934585571289	28.5192031860352
PWY0-1241:_ADP-L-glycero-&beta;-D-manno-heptose_biosynthesis	Bacteroides_uniformis	3.25643920898438	28.3592071533203	26.9276428222656	30.18408203125
PWY-5177:_glutaryl-CoA_degradation	Bacteroides_uniformis	0.514633178710938	28.3592071533203	29.5704956054688	30.0851287841797
DAPLYSINESYN-PWY:_L-lysine_biosynthesis_I	Bacteroides_uniformis	0.723037719726562	28.3592071533203	29.2513580322266	29.9743957519531
MET-SAM-PWY:_superpathway_of_S-adenosyl-L-methionine_biosynthesis	Bacteroides_uniformis	0.514633178710938	28.3592071533203	29.5704956054688	30.0851287841797
PWY-5347:_superpathway_of_L-methionine_biosynthesis_(transsulfuration)	Bacteroides_uniformis	0.514633178710938	28.3592071533203	29.5704956054688	30.0851287841797
METSYN-PWY:_L-homoserine_and_L-methionine_biosynthesis	Bacteroides_uniformis	0.514633178710938	28.3592071533203	29.5704956054688	30.0851287841797
Ruminococcus_lactaris	Parabacteroides_merdae	3.72720336914062	18.9071502685547	26.4982986450195	30.2255020141602
Turicimonas_muris	Parabacteroides_merdae	0.513671875	18.9071502685547	25.8076324462891	26.3213043212891
Proteobacteria_bacterium_CAG_139	Parabacteroides_merdae	0.157577514648438	18.9071502685547	28.1729583740234	28.3305358886719
Brachyspira_sp_CAG_700	Parabacteroides_merdae	3.11404418945312	18.9071502685547	25.0632247924805	28.1772689819336
PWY0-1319:_CDP-diacylglycerol_biosynthesis_II	Parabacteroides_merdae	0.104217529296875	18.9071502685547	26.8542327880859	26.9584503173828
PWY-5667:_CDP-diacylglycerol_biosynthesis_I	Parabacteroides_merdae	2.98521423339844	18.9071502685547	25.236442565918	28.2216567993164
PWY-7237:_myo-,_chiro-_and_scillo-inositol_degradation	Parabacteroides_merdae	0.176254272460938	18.9071502685547	25.2357482910156	25.4120025634766
Bacteroides_stercoris	Prevotella_sp_CAG_1092	0.723037719726562	11.2620620727539	25.1512603759766	25.8742980957031
Firmicutes_bacterium_CAG_95	Bacteroides_thetaiotaomicron	1.30398559570312	23.5971298217773	27.2142028808594	28.5181884765625
Bifidobacterium_adolescentis	Bacteroides_thetaiotaomicron	6.04849243164062	23.5971298217773	25.9986801147461	32.0471725463867
Clostridium_asparagiforme	Bacteroides_thetaiotaomicron	0.514633178710938	23.5971298217773	24.9995498657227	25.5141830444336
Roseburia_sp_CAG_182	Bacteroides_thetaiotaomicron	1.31239318847656	23.5971298217773	26.8125305175781	28.1249237060547
Veillonella_infantium	Bacteroides_thetaiotaomicron	0.0015869140625	23.5971298217773	28.8731689453125	28.874755859375
Eubacterium_sp_CAG_251	Bacteroides_thetaiotaomicron	0.364517211914062	23.5971298217773	25.0479354858398	25.4124526977539
Clostridium_aldenense	Bacteroides_thetaiotaomicron	0.514633178710938	23.5971298217773	24.9995498657227	25.5141830444336
Ruminococcus_lactaris	Bacteroides_thetaiotaomicron	3.72720336914062	23.5971298217773	27.1914138793945	30.9186172485352
Veillonella_atypica	Bacteroides_thetaiotaomicron	1.00308227539062	23.5971298217773	26.1552124023438	27.1582946777344
Allisonella_histaminiformans	Bacteroides_thetaiotaomicron	0.257278442382812	23.5971298217773	25.1195449829102	25.376823425293
Lactococcus_lactis	Bacteroides_thetaiotaomicron	0.323837280273438	23.5971298217773	25.2760314941406	25.5998687744141
Ruminococcus_sp_CAG_330	Bacteroides_thetaiotaomicron	0.01409912109375	23.5971298217773	27.4813385009766	27.4954376220703
Anaerobiospirillum_thomasii	Bacteroides_thetaiotaomicron	0.06842041015625	23.5971298217773	26.8819427490234	26.9503631591797
Pseudoflavonifractor_capillosus	Bacteroides_thetaiotaomicron	0.514633178710938	23.5971298217773	24.9995498657227	25.5141830444336
Neisseria_subflava	Bacteroides_thetaiotaomicron	0.232559204101562	23.5971298217773	25.2616348266602	25.4941940307617
Bacteroides_sp_CAG_598	Bacteroides_thetaiotaomicron	0.514633178710938	23.5971298217773	24.9995498657227	25.5141830444336
Ruminococcus_sp_CAG_563	Bacteroides_thetaiotaomicron	0.061737060546875	23.5971298217773	25.6956481933594	25.7573852539062
Porphyromonas_endodontalis	Bacteroides_thetaiotaomicron	0.514633178710938	23.5971298217773	24.9995498657227	25.5141830444336
Bacteroides_pectinophilus	Bacteroides_thetaiotaomicron	1.31204223632812	23.5971298217773	25.3245086669922	26.6365509033203
Plesiomonas_shigelloides	Bacteroides_thetaiotaomicron	0.514633178710938	23.5971298217773	24.9995498657227	25.5141830444336
Alistipes_sp_An66	Bacteroides_thetaiotaomicron	0.514633178710938	23.5971298217773	24.9995498657227	25.5141830444336
Firmicutes_bacterium_CAG_534	Bacteroides_thetaiotaomicron	0.01641845703125	23.5971298217773	28.9090576171875	28.9254760742188
Brachyspira_sp_CAG_700	Bacteroides_thetaiotaomicron	3.11404418945312	23.5971298217773	25.6405029296875	28.7545471191406
PWY-6609:_adenine_and_adenosine_salvage_III	Bacteroides_thetaiotaomicron	1.0208740234375	23.5971298217773	25.1908111572266	26.2116851806641
PWY-1042:_glycolysis_IV_(plant_cytosol)	Bacteroides_thetaiotaomicron	0.0213775634765625	23.5971298217773	28.5911254882812	28.6125030517578
PWY-7221:_guanosine_ribonucleotides_de_novo_biosynthesis	Bacteroides_thetaiotaomicron	0.745574951171875	23.5971298217773	24.9198608398438	25.6654357910156
PWY-6386:_UDP-N-acetylmuramoyl-pentapeptide_biosynthesis_II_(lysine-containing)	Bacteroides_thetaiotaomicron	0.522613525390625	23.5971298217773	26.1385498046875	26.6611633300781
PWY-6387:_UDP-N-acetylmuramoyl-pentapeptide_biosynthesis_I_(meso-diaminopimelate_containing)	Bacteroides_thetaiotaomicron	0.0034332275390625	23.5971298217773	25.8313140869141	25.8347473144531
PEPTIDOGLYCANSYN-PWY:_peptidoglycan_biosynthesis_I_(meso-diaminopimelate_containing)	Bacteroides_thetaiotaomicron	1.05653381347656	23.5971298217773	26.1577453613281	27.2142791748047
PWY-6385:_peptidoglycan_biosynthesis_III_(mycobacteria)	Bacteroides_thetaiotaomicron	1.02604675292969	23.5971298217773	27.2261581420898	28.2522048950195
PWY-6163:_chorismate_biosynthesis_from_3-dehydroquinate	Bacteroides_thetaiotaomicron	0.000885009765625	23.5971298217773	26.0452423095703	26.0461273193359
ILEUSYN-PWY:_L-isoleucine_biosynthesis_I_(from_threonine)	Bacteroides_thetaiotaomicron	0.166046142578125	23.5971298217773	25.8161926269531	25.9822387695312
PWY-5695:_urate_biosynthesis/inosine_5'-phosphate_degradation	Bacteroides_thetaiotaomicron	0.0713653564453125	23.5971298217773	26.1726226806641	26.2439880371094
BRANCHED-CHAIN-AA-SYN-PWY:_superpathway_of_branched_amino_acid_biosynthesis	Bacteroides_thetaiotaomicron	0.54864501953125	23.5971298217773	27.1013336181641	27.6499786376953
COA-PWY:_coenzyme_A_biosynthesis_I	Bacteroides_thetaiotaomicron	0.73016357421875	23.5971298217773	27.8015975952148	28.5317611694336
ARO-PWY:_chorismate_biosynthesis_I	Bacteroides_thetaiotaomicron	0.216598510742188	23.5971298217773	26.9534912109375	27.1700897216797
PWY-4242:_pantothenate_and_coenzyme_A_biosynthesis_III	Bacteroides_thetaiotaomicron	0.065673828125	23.5971298217773	25.2734527587891	25.3391265869141
PWY-5097:_L-lysine_biosynthesis_VI	Bacteroides_thetaiotaomicron	1.02604675292969	23.5971298217773	26.4541473388672	27.4801940917969
PWY-2942:_L-lysine_biosynthesis_III	Bacteroides_thetaiotaomicron	0.35260009765625	23.5971298217773	26.1989593505859	26.5515594482422
PWY-6123:_inosine-5'-phosphate_biosynthesis_I	Bacteroides_thetaiotaomicron	0.498397827148438	23.5971298217773	25.3251495361328	25.8235473632812
HISTSYN-PWY:_L-histidine_biosynthesis	Bacteroides_thetaiotaomicron	0.0785675048828125	23.5971298217773	27.2032852172852	27.281852722168
PWY-841:_superpathway_of_purine_nucleotides_de_novo_biosynthesis_I	Bacteroides_thetaiotaomicron	0.682571411132812	23.5971298217773	25.4385452270508	26.1211166381836
PWY-7663:_gondoate_biosynthesis_(anaerobic)	Bacteroides_thetaiotaomicron	0.498397827148438	23.5971298217773	27.3195114135742	27.8179092407227
PWY0-1319:_CDP-diacylglycerol_biosynthesis_II	Bacteroides_thetaiotaomicron	0.104217529296875	23.5971298217773	27.5229034423828	27.6271209716797
PWY-5667:_CDP-diacylglycerol_biosynthesis_I	Bacteroides_thetaiotaomicron	2.98521423339844	23.5971298217773	26.7877960205078	29.7730102539062
PWY-6126:_superpathway_of_adenosine_nucleotides_de_novo_biosynthesis_II	Bacteroides_thetaiotaomicron	0.19293212890625	23.5971298217773	25.6558990478516	25.8488311767578
PYRIDNUCSYN-PWY:_NAD_biosynthesis_I_(from_aspartate)	Bacteroides_thetaiotaomicron	1.12425231933594	23.5971298217773	31.2118148803711	32.336067199707
PWY-6703:_preQ0_biosynthesis	Bacteroides_thetaiotaomicron	0.356689453125	23.5971298217773	25.3622894287109	25.7189788818359
PWY-6936:_seleno-amino_acid_biosynthesis	Bacteroides_thetaiotaomicron	4.82562255859375	23.5971298217773	30.7185821533203	35.5442047119141
PWY-7237:_myo-,_chiro-_and_scillo-inositol_degradation	Bacteroides_thetaiotaomicron	0.176254272460938	23.5971298217773	26.7467880249023	26.9230422973633
PWY-5100:_pyruvate_fermentation_to_acetate_and_lactate_II	Bacteroides_thetaiotaomicron	0.647018432617188	23.5971298217773	24.9683380126953	25.6153564453125
MET-SAM-PWY:_superpathway_of_S-adenosyl-L-methionine_biosynthesis	Bacteroides_thetaiotaomicron	0.514633178710938	23.5971298217773	24.9995498657227	25.5141830444336
PWY-5347:_superpathway_of_L-methionine_biosynthesis_(transsulfuration)	Bacteroides_thetaiotaomicron	0.514633178710938	23.5971298217773	24.9995498657227	25.5141830444336
METSYN-PWY:_L-homoserine_and_L-methionine_biosynthesis	Bacteroides_thetaiotaomicron	0.514633178710938	23.5971298217773	24.9995498657227	25.5141830444336
Bacteroides_eggerthii	Prevotella_sp_CAG_520	0.723037719726562	7.146728515625	25.1080017089844	25.8310394287109
Lactobacillus_rogosae	Prevotella_sp_CAG_520	0.104217529296875	7.146728515625	24.8555145263672	24.9597320556641
Ruminococcus_lactaris	Prevotella_sp_CAG_520	3.72720336914062	7.146728515625	26.9888458251953	30.7160491943359
Ruminococcus_lactaris	Prevotella_sp_CAG_1092	3.72720336914062	11.2620620727539	25.2631683349609	28.9903717041016
Ruminococcus_lactaris	Clostridium_sp_CAG_167	3.72720336914062	10.4746704101562	26.3460083007812	30.0732116699219
Klebsiella_aerogenes	Prevotella_sp_CAG_1092	1.91487121582031	11.2620620727539	26.5354537963867	28.450325012207
Lactobacillus_ruminis	Prevotella_sp_CAG_520	0.136306762695312	7.146728515625	24.8586196899414	24.9949264526367
Ruminococcus_sp_CAG_330	Prevotella_sp_CAG_520	0.01409912109375	7.146728515625	27.0032348632812	27.017333984375
Prevotella_sp_CAG_520	Firmicutes_bacterium_CAG_791	7.146728515625	24.5907211303711	25.3108978271484	32.4576263427734
Brachyspira_sp_CAG_700	Prevotella_sp_CAG_520	3.11404418945312	7.146728515625	25.0206985473633	28.1347427368164
ARO-PWY:_chorismate_biosynthesis_I	Prevotella_sp_CAG_520	0.216598510742188	7.146728515625	27.6733245849609	27.8899230957031
1CMET2-PWY:_N10-formyl-tetrahydrofolate_biosynthesis	Prevotella_sp_CAG_520	0.0365142822265625	7.146728515625	25.3383331298828	25.3748474121094
COMPLETE-ARO-PWY:_superpathway_of_aromatic_amino_acid_biosynthesis	Prevotella_sp_CAG_520	0.01904296875	7.146728515625	25.1700210571289	25.1890640258789
PWY-7229:_superpathway_of_adenosine_nucleotides_de_novo_biosynthesis_I	Prevotella_sp_CAG_520	1.65109252929688	7.146728515625	25.1976013183594	26.8486938476562
PWY-6124:_inosine-5'-phosphate_biosynthesis_II	Prevotella_sp_CAG_520	0.498397827148438	7.146728515625	25.8212356567383	26.3196334838867
PWY-7237:_myo-,_chiro-_and_scillo-inositol_degradation	Prevotella_sp_CAG_520	0.176254272460938	7.146728515625	26.1993560791016	26.3756103515625
NONOXIPENT-PWY:_pentose_phosphate_pathway_(non-oxidative_branch)	Prevotella_sp_CAG_520	0.0635986328125	7.146728515625	25.7054214477539	25.7690200805664
Prevotella_sp_AM42_24	Prevotella_sp_CAG_1092	1.23612976074219	11.2620620727539	25.2224502563477	26.4585800170898
Prevotella_sp_AM42_24	Clostridium_sp_CAG_167	1.23612976074219	10.4746704101562	25.9732971191406	27.2094268798828
Comamonas_kerstersii	Prevotella_sp_CAG_1092	0.002288818359375	11.2620620727539	24.9809875488281	24.9832763671875
PWY-6386:_UDP-N-acetylmuramoyl-pentapeptide_biosynthesis_II_(lysine-containing)	Prevotella_sp_CAG_1092	0.522613525390625	11.2620620727539	25.4399719238281	25.9625854492188
COMPLETE-ARO-PWY:_superpathway_of_aromatic_amino_acid_biosynthesis	Prevotella_sp_CAG_1092	0.01904296875	11.2620620727539	25.1586151123047	25.1776580810547
PWY-7229:_superpathway_of_adenosine_nucleotides_de_novo_biosynthesis_I	Prevotella_sp_CAG_1092	1.65109252929688	11.2620620727539	25.8279876708984	27.4790802001953
PWY-6125:_superpathway_of_guanosine_nucleotides_de_novo_biosynthesis_II	Prevotella_sp_CAG_1092	4.0042724609375	11.2620620727539	25.7942581176758	29.7985305786133
